,Product_Name,Brand,Capacity_kg,Machine_Type,Load_type,Color,Price,Discount_%,Reviews_Count
0,"Intex 8 kg With Air Dry Technology, Pulsator Design, Magic Filter Semi Automatic Top Load Washing Machine",Intex,8,Semi Automatic,Top Load,"Maroon, White",8999,39,17041
1,Midea 7.5 kg Semi Automatic Top Load Washing Machine,Midea,7.5,Semi Automatic,Top Load,"Black, Grey",19369,31,18200
2,Godrej 7 kg Fully Automatic Top Load Washing Machine,Godrej,7,Fully Automatic,Top Load,Grey,12990,43,475
3,MOTOROLA 14 kg 5 star rating Midnight Series Soft closing Glass lid Semi Automatic Top Load Washing Machine,MOTOROLA,14,Semi Automatic,Top Load,Black,7299,63,475
4,VW 8 kg Semi Automatic Top Load Washing Machine,VW,8,Semi Automatic,Top Load,"White, Maroon",6999,63,63703
5,VW 7.5 kg Semi Automatic Top Load Washing Machine,VW,7.5,Semi Automatic,Top Load,"Black, Grey",7290,47,74082
6,MarQ by Flipkart 7 kg 5 Star Rating Innowash Range Semi Automatic Top Load Washing Machine,MarQ by Flipkart,7,Semi Automatic,Top Load,"Blue, White",12690,33,31324
7,"Haier 6.5 kg Powerful Oceanus Wave Drum, Smart Fuzzy Control, Balance Clean Pulsator, Custom Wash Cycles with 15 Mins Quick Wash, Magic Filter, Castor Wheels Fully Automatic Top Load Washing Machine",Haier,6.5,Fully Automatic,Top Load,"Brown, Grey",6890,42,98936
8,MarQ by Flipkart 6 kg 5 Star Rating Innowash Range Semi Automatic Top Load Washing Machine,MarQ by Flipkart,6,Semi Automatic,Top Load,"White, Maroon",7999,42,23446
9,realme TechLife 7.5 kg 5 Star Rating Semi Automatic Top Load Washing Machine,realme TechLife,7.5,Semi Automatic,Top Load,"Black, Grey",11290,50,54121
10,Voltas Beko 8.5 kg Semi Automatic Top Load Washing Machine,Voltas Beko,8.5,Semi Automatic,Top Load,"Blue, White",10990,32,39395
11,"LG 7 kg 5 Star with Wind Jet Dry, Collar Scrubber and Rust Free Plastic Base Semi Automatic Top Load Washing Machine",LG,7,Semi Automatic,Top Load,"Grey, White",9290,29,63703
12,"Samsung 6.5 kg 5 star, Air Turbo Drying Semi Automatic Top Load Washing Machine",Samsung,6.5,Semi Automatic,Top Load,"Blue, Grey",6990,46,74082
13,MarQ by Flipkart 6.5 kg 5 Star Rating Innowash Range Semi Automatic Top Load Washing Machine,MarQ by Flipkart,6.5,Semi Automatic,Top Load,"Blue, White",12490,34,44382
14,"Haier 6.5 kg Balance Clean Pulsator, Custom Wash Cycles with 15 Mins Quick Wash, Magic Filter Fully Automatic Top Load Washing Machine",Haier,6.5,Fully Automatic,Top Load,"Brown, Grey",8980,29,56326
15,"Whirlpool 6.5 kg 5 Star with Ace Wash Station, 1400 RPM Speed and Rust Proof Body Semi Automatic Top Load Washing Machine",Whirlpool,6.5,Semi Automatic,Top Load,Grey,11990,45,18200
16,ONIDA 7 kg 5 Star 10 Wash Programs Crystal Drum Fully Automatic Top Load Washing Machine,ONIDA,7,Fully Automatic,Top Load,Grey,10490,50,98936
17,MOTOROLA 10 kg 5 star rating Midnight Series Semi Automatic Top Load Washing Machine,MOTOROLA,10,Semi Automatic,Top Load,Black,9990,50,16850
18,realme TechLife 10 kg Semi Automatic Top Load Washing Machine,realme TechLife,10,Semi Automatic,Top Load,Grey,11190,49,30647
19,realme TechLife 7 kg 5 Star Rating Fabric Safe Wash Fully Automatic Top Load Washing Machine,realme TechLife,7,Fully Automatic,Top Load,"Black, Grey",7490,28,39395
20,Thomson 7 kg 5 Star Aqua Magic Semi Automatic Top Load Washing Machine,Thomson,7,Semi Automatic,Top Load,Blue,12790,20,25705
21,Samsung 8 kg Semi Automatic Top Load Washing Machine,Samsung,8,Semi Automatic,Top Load,"Black, Grey",14590,22,25705
22,Whirlpool 6.5 kg Magic Clean 5 Star Fully Automatic Top Load Washing Machine,Whirlpool,6.5,Fully Automatic,Top Load,Grey,13990,23,0
23,Whirlpool 6 kg Magic Clean 5 Star and Digital Display Fully Automatic Top Load Washing Machine,Whirlpool,6,Fully Automatic,Top Load,Grey,,,0
24,Voltas Beko 14 kg Semi Automatic Top Load Washing Machine,Voltas Beko,14,Semi Automatic,Top Load,Grey,16990,30,9
25,Thomson 10 kg 5 Star Aqua Magic Grande Series with Floral Toughened Glass with Soft Closure and Double Waterfall Semi Automatic Top Load Washing Machine,Thomson,10,Semi Automatic,Top Load,"Black, Grey",10490,30,30647
26,Thomson 8 kg 5 Star Aqua Magic Grande Series with Floral Toughened Glass and Double Waterfall Semi Automatic Top Load Washing Machine,Thomson,8,Semi Automatic,Top Load,"Black, Grey",8790,32,30647
27,Thomson 7.5 kg 5 Star Aqua Magic Semi Automatic Top Load Washing Machine,Thomson,7.5,Semi Automatic,Top Load,Black,7690,33,30647
28,Unknown,ONIDA,6.5,Unknown,Unknown,Unknown,5648,3,31249
29,LG 10 kg Semi Automatic Top Load Washing Machine,LG,10,Semi Automatic,Top Load,"Grey, White",16385,25,134
30,LG 10 kg 5 Star Semi Automatic Top Load Washing Machine,LG,10,Semi Automatic,Top Load,"Grey, White",15626,27,7419
31,Whirlpool 7 kg Magic Clean 5 Star Fully Automatic Top Load Washing Machine,Whirlpool,7,Fully Automatic,Top Load,Grey,15190,22,49468
32,"Midea 6.5 kg 5 Star Rust Proof Body ,Rat Away Feature Semi Automatic Top Load Washing Machine",Midea,6.5,Semi Automatic,Top Load,"Maroon, White",6790,32,276
33,"LG 8.5 kg 5 Star with Roller Jet Pulsator with Soak, Wind Jet Dry and Collar Scrubber Semi Automatic Top Load Washing Machine",LG,8.5,Semi Automatic,Top Load,"Maroon, White",13990,30,14889
34,LG 8 kg Semi Automatic Top Load Washing Machine,LG,8,Semi Automatic,Top Load,"White, Maroon",13769,27,1542
35,LG 8 kg Semi Automatic Top Load Washing Machine,LG,8,Semi Automatic,Top Load,"White, Maroon",13649,28,2934
36,"LG 8 kg 5 Star, Smart Inverter Technology, TurboDrum, Smart Diagnosis with Soft Closing Door Fully Automatic Top Load Washing Machine",LG,8,Fully Automatic,Top Load,Black,19990,31,86853
37,"LG 7 kg 5 Star, Smart Inverter Technology, TurboDrum, Smart Diagnosis with Soft Closing Door Fully Automatic Top Load Washing Machine",LG,7,Fully Automatic,Top Load,Black,17990,34,86853
38,VW 9.5 kg Semi Automatic Top Load Washing Machine,VW,9.5,Semi Automatic,Top Load,"Yellow, Black, Grey",8999,60,475
39,"Whirlpool 7 kg 5 Star with Ace Wash Station, 1400 RPM Speed and Rust Proof Semi Automatic Top Load Washing Machine",Whirlpool,7,Semi Automatic,Top Load,Grey,9980,26,44382
40,"Samsung 8 kg 5 star, Ecobubble, Soft Closing Door, Digital Inverter Fully Automatic Top Load Washing Machine",Samsung,8,Fully Automatic,Top Load,Grey,19490,27,108865
41,Unknown,ONIDA,9,Unknown,Unknown,Unknown,6449,7,31249
42,ONIDA 7 kg 5 Star With Five-Fin Storm Pulsator Semi Automatic Top Load Washing Machine,ONIDA,7,Semi Automatic,Top Load,"Black, Grey",7450,40,1539
43,"Samsung 7 kg 5 star, Air Turbo Drying Semi Automatic Top Load Washing Machine",Samsung,7,Semi Automatic,Top Load,"Grey, Purple",10290,27,39395
44,"Samsung 9.5 kg 5 star,Air Turbo Drying Semi Automatic Top Load Washing Machine",Samsung,9.5,Semi Automatic,Top Load,"Black, Grey",14790,27,39395
45,Unknown,MarQ by Flipkart by Flipkart,8,Unknown,Unknown,Unknown,4799,60,1524
46,realme TechLife 7 kg 5 Star rating Semi Automatic Top Load Washing Machine,realme TechLife,7,Semi Automatic,Top Load,"White, Black",7490,40,98936
47,Godrej 7.5 kg Fully Automatic Top Load Washing Machine,Godrej,7.5,Fully Automatic,Top Load,"with In-built Heater Black, Grey",25500,22,0
48,Voltas Beko by A Tata Product 14 kg Semi Automatic Top Load Washing Machine,Voltas Beko by A Tata Product,14,Semi Automatic,Top Load,"Maroon, White",16990,30,30647
49,BOSCH 7 kg Fully Automatic Front Load Washing Machine,BOSCH,7,Fully Automatic,Front Load,with In-built Heater Black,31990,39,29444
50,Haier 9 kg Semi Automatic Top Load Washing Machine,Haier,9,Semi Automatic,Top Load,"Black, Grey",14990,26,98936
51,Thomson 12 kg 5 Star Aqua Magic Toughen Glass with soft closure and Double Waterfall Semi Automatic Top Load Washing Machine,Thomson,12,Semi Automatic,Top Load,Black,12499,30,18200
52,realme TechLife 7.5 kg 5 Star Rating Fabric Safe Wash Fully Automatic Top Load Washing Machine,realme TechLife,7.5,Fully Automatic,Top Load,Grey,11990,40,2984
53,realme TechLife 12 kg Semi Automatic Top Load Washing Machine,realme TechLife,12,Semi Automatic,Top Load,Grey,11990,50,30647
54,MOTOROLA 7 kg Semi Automatic Top Load Washing Machine,MOTOROLA,7,Semi Automatic,Top Load,"White, Purple",7990,40,31
55,Unknown,Thomson,7,Unknown,Unknown,Unknown,4690,41,38
56,Thomson 8.5 kg 5 Star Aqua Magic Semi Automatic Top Load Washing Machine,Thomson,8.5,Semi Automatic,Top Load,Black,8999,28,15800
57,Voltas Beko 8 kg Semi Automatic Top Load Washing Machine,Voltas Beko,8,Semi Automatic,Top Load,"Maroon, White",10125,43,18200
58,Voltas Beko 7 kg Fully Automatic Front Load Washing Machine,Voltas Beko,7,Fully Automatic,Front Load,with In-built Heater Grey,24490,45,18200
59,Sansui 7 kg Semi Automatic Top Load Washing Machine,Sansui,7,Semi Automatic,Top Load,Red,7690,52,475
60,MOTOROLA 7 kg 5 star rating Midnight Series Semi Automatic Top Load Washing Machine,MOTOROLA,7,Semi Automatic,Top Load,Black,7990,42,39395
61,MOTOROLA 7.5 kg 5 star rating Midnight Series Semi Automatic Top Load Washing Machine,MOTOROLA,7.5,Semi Automatic,Top Load,Black,8490,39,108865
62,VW 8.5 kg Semi Automatic Top Load Washing Machine,VW,8.5,Semi Automatic,Top Load,"Black, Grey",8499,61,30648
63,Samsung 7.5 Kg Semi Automatic Top Load Washing Machine,Samsung,7.5,Semi Automatic,Top Load,"Grey, Red",11290,28,559
64,"Samsung 7 kg 5 Star, Ecobubble, Soft Closing Door, Digital Inverter Fully Automatic Top Load Washing Machine",Samsung,7,Fully Automatic,Top Load,Grey,17269,23,528
65,"IFB 8 kg 5 Star with Steam Refresh program, 9 Swirl Wash, Eco Inverter, Touch Panel with AI Fully Automatic Front Load Washing Machine",IFB,8,Fully Automatic,Front Load,with In-built Heater Black,33990,26,13805
66,realme TechLife 9 kg MegaWash Range Fully Automatic Top Load Washing Machine,realme TechLife,9,Fully Automatic,Top Load,Grey,14190,51,2987
67,Voltas Beko 8 kg Semi Automatic Top Load Washing Machine,Voltas Beko,8,Semi Automatic,Top Load,Blue,9790,48,30647
68,BOSCH 7 kg with Steam Fully Automatic Front Load Washing Machine,BOSCH,7,Fully Automatic,Front Load,with In-built Heater Silver,26990,46,30647
69,realme TechLife 8 kg 5 Star Rating Fabric Safe Wash Fully Automatic Top Load Washing Machine,realme TechLife,8,Fully Automatic,Top Load,Grey,12290,48,0
70,Thomson 10 kg 5 Star Aqua Magic Double Waterfall Semi Automatic Top Load Washing Machine,Thomson,10,Semi Automatic,Top Load,Black,9999,33,0
71,Thomson 9 kg 5 Star Aqua Magic Double Waterfall Semi Automatic Top Load Washing Machine,Thomson,9,Semi Automatic,Top Load,Black,9499,26,0
72,Thomson 11 kg 5 Star Aqua Magic Double Waterfall Semi Automatic Top Load Washing Machine,Thomson,11,Semi Automatic,Top Load,"Black, Grey",10999,33,30647
73,Voltas Beko 9 kg Semi Automatic Top Load Washing Machine,Voltas Beko,9,Semi Automatic,Top Load,"Black, Grey",11990,48,6278
74,Samsung 10.5 kg Semi Automatic Top Load Washing Machine,Samsung,10.5,Semi Automatic,Top Load,Black,14999,26,39395
75,MarQ by Flipkart 7.5 kg 5 Star Rating Innowash Range Semi Automatic Top Load Washing Machine,MarQ by Flipkart,7.5,Semi Automatic,Top Load,"Maroon, White",7590,49,63703
76,realme TechLife 8 kg 5 Star Rating Semi Automatic Top Load Washing Machine,realme TechLife,8,Semi Automatic,Top Load,"White, Black",9190,47,98936
77,Whirlpool 6.5 kg Fully Automatic Top Load Washing Machine,Whirlpool,6.5,Fully Automatic,Top Load,with In-built Heater Grey,16290,22,49468
78,Whirlpool 7.5 kg Fully Automatic Top Load Washing Machine,Whirlpool,7.5,Fully Automatic,Top Load,with In-built Heater Grey,17999,22,49468
79,Whirlpool 8 kg Fully Automatic Top Load Washing Machine,Whirlpool,8,Fully Automatic,Top Load,with In-built Heater Grey,18990,19,49468
80,"Whirlpool 8.5 kg 5 Star with Auto Restart, End of Cycle Buzzer, Lint Filter and Collar Scrubber Semi Automatic Top Load Washing Machine",Whirlpool,8.5,Semi Automatic,Top Load,Grey,12990,25,44382
81,Godrej 8 kg with Tri-Roto Scrub Pulsator Washing Machine,Godrej,8,Semi Automatic,Top Load,"Semi Automatic Top Load White, Pink",13490,20,191
82,"Godrej 8 kg 5 Star, With Soft Shut Wash Lid, Tri Roto Scrub Pulsator With Stainless Steel Wash and Spin Drum Semi Automatic Top Load Washing Machine",Godrej,8,Semi Automatic,Top Load,Grey,13980,40,681
83,Unknown,Voltas Beko by A Tata Product,9,Semi Automatic,Top Load,Unknown,11990,49,2874
84,realme TechLife 8 kg Soft closing Glass lid Fully Automatic Top Load Washing Machine,realme TechLife,8,Fully Automatic,Top Load,"with In-built Heater Black, Grey",14790,48,3151
85,Voltas Beko 12 kg Semi Automatic Top Load Washing Machine,Voltas Beko,12,Semi Automatic,Top Load,"Black, Grey",14599,47,52
86,Voltas Beko 8 kg Semi Automatic Top Load Washing Machine,Voltas Beko,8,Semi Automatic,Top Load,Blue,10907,45,121
87,"Whirlpool 9 kg 5 Star with Auto Restart, End of Cycle Buzzer, Lint Filter and Collar Scrubber Semi Automatic Top Load Washing Machine",Whirlpool,9,Semi Automatic,Top Load,Grey,13950,26,44382
88,LG 8.5 kg Semi Automatic Top Load Washing Machine,LG,8.5,Semi Automatic,Top Load,Black,15340,25,130
89,LG 11.5 kg Semi Automatic Top Load Washing Machine,LG,11.5,Semi Automatic,Top Load,Black,18249,28,169
90,"IFB 7 kg 5 Star with Deep Clean Technology, ActivMix, Powered by AI, with Aqua Energie, Soft Close Door, Fully Automatic Top Load Washing Machine",IFB,7,Fully Automatic,Top Load,Red,18490,23,26954
91,Voltas Beko by A Tata Product 12 kg A Tata Product Anti-allergen Hygiene Boost Washing Machine,Voltas Beko by A Tata Product,12,Semi Automatic,Top Load,"with Fast Dry and Water Proof IPX4 Panel Semi Automatic Top Load Maroon, White",13640,35,23446
92,Voltas Beko by A Tata Product 6.5 kg 5 Star Eco-Series Fully Automatic Top Load Washing Machine,Voltas Beko by A Tata Product,6.5,Fully Automatic,Top Load,Grey,11990,50,2481
93,Unknown,IFB,5.5,Unknown,Unknown,Unknown,20653,8,655
94,LG Electronics 7.5 kg Semi Automatic Top Load Washing Machine,LG Electronics,7.5,Semi Automatic,Top Load,"Grey, White",12592,30,54
95,Kenstar 6.5 Kg Swift Dry Lid Semi Automatic Top Load Washing Machine,Kenstar,6.5,Semi Automatic,Top Load,"White, Grey",7190,48,502
96,Voltas Beko 10 kg Fully Automatic Top Load Washing Machine,Voltas Beko,10,Fully Automatic,Top Load,"with In-built Heater Black, Grey",20490,55,2679
97,Voltas Beko 7.5 kg Semi Automatic Top Load Washing Machine,Voltas Beko,7.5,Semi Automatic,Top Load,"Grey, White",8990,50,23446
98,Haier 8.5 kg Semi Automatic Top Load Washing Machine,Haier,8.5,Semi Automatic,Top Load,"Red, White",12990,31,64
99,VW 7.5 kg Semi Automatic Top Load Washing Machine,VW,7.5,Semi Automatic,Top Load,"White, Blue",7499,62,475
100,"Godrej 6 kg 5 Star, Digi-Inverter With Steam Wash & 1000 RPM Spin Speed Fully Automatic Front Load Washing Machine",Godrej,6,Fully Automatic,Front Load,"Black, White",24999,34,123
101,"Whirlpool 11 kg 5 Star with Auto Restart, End of Cycle Buzzer and Faster Drying Semi Automatic Top Load Washing Machine",Whirlpool,11,Semi Automatic,Top Load,"Black, Grey",14750,32,44382
102,"Haier 8 Kg Oxyi Dry Technology, 1300 RPM, Spray Function, Wash Programs, Magic Filter, Rat Mesh Semi Automatic Top Load Washing Machine",Haier,8,Semi Automatic,Top Load,Multicolor,10880,36,6970
103,"Whirlpool 10 kg 5 Star with Auto Restart, End of Cycle Buzzer and Faster Drying Semi Automatic Top Load Washing Machine",Whirlpool,10,Semi Automatic,Top Load,Grey,14490,30,731
104,Voltas Beko by A Tata Product 9.5 kg 5 Star Semi Automatic Top Load Washing Machine,Voltas Beko by A Tata Product,9.5,Semi Automatic,Top Load,Multicolor,9390,50,6278
105,realme TechLife 8.5 kg 5 Star rating Semi Automatic Top Load Washing Machine,realme TechLife,8.5,Semi Automatic,Top Load,"Grey, Black",8990,33,98936
106,"Haier 7 kg Anti Bacterial Vortex Pulsator, 1300 RPM, Spray Function, Wash Programs, Magic Filter, Rat Mesh Semi Automatic Top Load Washing Machine",Haier,7,Semi Automatic,Top Load,"Maroon, White",11990,36,6970
107,"Haier 9 kg Oxyi Dry Technology, 1300 RPM, Spray Function, Wash Programs, Magic Filter, Rat Mesh Semi Automatic Top Load Washing Machine",Haier,9,Semi Automatic,Top Load,White,7195,60,6970
108,InnoQ 7 kg | Turbo Wash | Buzzer | Wheels | Turbo Jet Dryer | Magic Filter | Lint Filter Semi Automatic Top Load Washing Machine,InnoQ,7,Semi Automatic,Top Load,Grey,13690,34,3251
109,"Haier 7 kg Balance Clean Pulsator, Custom Wash Cycles with 15 Mins Quick Wash, Magic Filter Fully Automatic Top Load Washing Machine",Haier,7,Fully Automatic,Top Load,"Brown, Grey",22590,25,74082
110,Whirlpool 9 kg Bloomwash Fully Automatic Top Load Washing Machine,Whirlpool,9,Fully Automatic,Top Load,with In-built Heater Grey,20990,51,49468
111,"Godrej 6.5 kg AI Powered, FabriSafe Drum, Eco Wash Fully Automatic Front Load Washing Machine",Godrej,6.5,Fully Automatic,Front Load,White,11990,52,1421
112,"TCL 7 kg 5 Star with 10 Wash Program and Detergent Dispenser, Child Lock with Magic Filter Fully Automatic Top Load Washing Machine",TCL,7,Fully Automatic,Top Load,Black,9790,45,407
113,MarQ by Flipkart 9 kg 5 Star Rating Innowash Range Semi Automatic Top Load Washing Machine,MarQ by Flipkart,9,Semi Automatic,Top Load,"White, Grey",16793,18,63703
114,Panasonic 7 kg 5 Star AquaBeat Wash Fully Automatic Top Load Washing Machine,Panasonic,7,Fully Automatic,Top Load,Grey,9890,34,12421
115,Godrej 7 kg 5 Star With Rain Shower Spin Washing Machine,Godrej,7,Semi Automatic,Top Load,"Semi Automatic Top Load Grey, White",13978,47,5751
116,Godrej 7 kg Fully Automatic Top Load Washing Machine,Godrej,7,Fully Automatic,Top Load,Grey,24990,27,14
117,"IFB 6 kg 5 Star with Steam Refresh program, 9 Swirl Wash, Eco Inverter, Powered by AI with Power Steam Fully Automatic Front Load Washing Machine",IFB,6,Fully Automatic,Front Load,"with In-built Heater White, Black",13990,30,30648
118,"Godrej 10 kg 5 Star Aquajet Pulsator, Drying at 1400 RPM Speed, Spin Shower, Semi Automatic Top Load Washing Machine",Godrej,10,Semi Automatic,Top Load,Black,50489,24,160
119,Unknown,IFB,6,Fully Automatic,Unknown,Unknown,,,331
120,LG 9.5 kg Semi Automatic Top Load Washing Machine,LG,9.5,Semi Automatic,Top Load,"Grey, White",19890,20,46
121,Samsung 8 kg Semi Automatic Top Load Washing Machine,Samsung,8,Semi Automatic,Top Load,"Grey, Black",15499,34,10
122,LG Electronics 10.5 kg Semi Automatic Top Load Washing Machine,LG Electronics,10.5,Semi Automatic,Top Load,"Maroon, White",15999,36,281
123,Godrej 10 kg Semi Automatic Top Load Washing Machine,Godrej,10,Semi Automatic,Top Load,Grey,15999,32,30
124,"Samsung 9 kg 5 Star, AI Control, AI Ecobubble, Super Speed, Wi-Fi, Hygiene Steam, Digital Inverter Motor Fully Automatic Front Load Washing Machine",Samsung,9,Fully Automatic,Front Load,with In-built Heater Blue,38870,36,26571
125,"LG 7 kg 5 Star, Allergen free with Steam, Inverter Direct Drive - Less vibration, less noise, 6 Motion Direct Drive, Touch Panel, 1200 RPM, Essence Fully Automatic Front Load Washing Machine",LG,7,Fully Automatic,Front Load,with In-built Heater White,26990,1,13331
126,Whirlpool 7 kg Fully Automatic Top Load Washing Machine,Whirlpool,7,Fully Automatic,Top Load,with In-built Heater Grey,17190,41,257
127,"Samsung 7 kg 5 star, EcoBubble Technology, Hygiene Steam Digital Inverter Fully Automatic Front Load Washing Machine",Samsung,7,Fully Automatic,Front Load,with In-built Heater Grey,29100,8,26571
128,Samsung 6.5 kg with Steam Fully Automatic Front Load Washing Machine,Samsung,6.5,Fully Automatic,Front Load,with In-built Heater Grey,36792,35,15
129,Voltas Beko by A Tata Product 8 kg Semi Automatic Top Load Washing Machine,Voltas Beko by A Tata Product,8,Semi Automatic,Top Load,with In-built Heater White,12799,60,14
130,"TCL 10 kg 5 Star with Extra Powerful Motor, Magic Filter and Fast Dry Semi Automatic Top Load Washing Machine",TCL,10,Semi Automatic,Top Load,Red,10590,23,401
131,"IFB 10 kg Power Dual Steam, Fully Automatic Top Load Washing Machine",IFB,10,Fully Automatic,Top Load,with In-built Heater Silver,29800,60,26954
132,InnoQ 7 kg | Turbo Wash | Buzzer | Wheels | Turbo Jet Dryer | Magic Filter | Lint Filter Semi Automatic Top Load Washing Machine,InnoQ,7,Semi Automatic,Top Load,Maroon,7195,35,3251
133,"LG 7 kg 5 Star, Allergen free with Steam, Inverter Direct Drive - Less vibration, less noise, 6 Motion Direct Drive, 1200 RPM, Essence Fully Automatic Front Load Washing Machine",LG,7,Fully Automatic,Front Load,with In-built Heater White,27990,33,319
134,Voltas Beko by A Tata Product 7 kg Semi Automatic Top Load Washing Machine,Voltas Beko by A Tata Product,7,Semi Automatic,Top Load,Maroon,8675,25,347
135,White Westinghouse (Trademark by Electrolux) 6.5 kg Fully Automatic Top Load Washing Machine,Unknown,6.5,Fully Automatic,Top Load,Grey,11900,36,75
136,Voltas Beko by A Tata Product 7 kg Semi Automatic Top Load Washing Machine,Voltas Beko by A Tata Product,7,Semi Automatic,Top Load,White,8290,31,2515
137,Voltas Beko by A Tata Product 7 kg Semi Automatic Top Load Washing Machine,Voltas Beko by A Tata Product,7,Semi Automatic,Top Load,Maroon,8890,36,58
138,Voltas Beko by A Tata Product 7 kg Semi Automatic Top Load Washing Machine,Voltas Beko by A Tata Product,7,Semi Automatic,Top Load,"White, Maroon",8290,34,2515
139,Voltas Beko by A Tata Product 7 kg Semi Automatic Top Load Washing Machine,Voltas Beko by A Tata Product,7,Semi Automatic,Top Load,"Maroon, White",8493,34,2515
140,Voltas Beko by A Tata Product 7 kg Semi Automatic Top Load Washing Machine,Voltas Beko by A Tata Product,7,Semi Automatic,Top Load,White,8488,43,2515
141,Unknown,Reliance,7.5,Unknown,Unknown,Unknown,4790,37,486
142,"Haier 8 kg Powerful Oceanus Wave Drum, Custom Wash Cycles with 15 Mins Quick Wash, Near Zero Pressure Technology, Toughened Glass, Dual Magic Filter Fully Automatic Top Load Washing Machine",Haier,8,Fully Automatic,Top Load,"Brown, Grey",17490,39,737
143,Voltas Beko by A Tata Product 10 kg Semi Automatic Top Load Washing Machine,Voltas Beko by A Tata Product,10,Semi Automatic,Top Load,"Blue, White",12490,,23446
144,Voltas Beko by A Tata Product 14 kg Semi Automatic Top Load Washing Machine,Voltas Beko by A Tata Product,14,Semi Automatic,Top Load,Blue,14690,40,23446
145,Voltas Beko 11 kg Fully Automatic Top Load Washing Machine,Voltas Beko,11,Fully Automatic,Top Load,"Black, Grey",20490,55,2679
146,Lloyd by Havells 8 kg |1300 RPM|Soak Function|3 Wash Programs|Swift Dry| Magic Filter Semi Automatic Top Load Washing Machine,Lloyd by Havells,8,Semi Automatic,Top Load,"Maroon, White",11490,35,1525
147,Voltas Beko 11 kg Fully Automatic Top Load Washing Machine,Voltas Beko,11,Fully Automatic,Top Load,"with In-built Heater Black, Grey",20999,56,2679
148,BOSCH 9 kg Fully Automatic Front Load Washing Machine,BOSCH,9,Fully Automatic,Front Load,with In-built Heater Silver,36990,29,13805
149,"Haier 8 kg AI with Inverter Motor, IPuristeam and Refresh Function, Anti Bacterial Technology, Super Drum 525mm with Custom Wash Programs Fully Automatic Front Load Washing Machine",Haier,8,Fully Automatic,Front Load,"Black, White",27990,47,3030
150,"Samsung 9 kg 5 Star, AI Ecobubble, Super Speed, Wi-Fi, Hygiene Steam, Digital Inverter Motor Fully Automatic Front Load Washing Machine",Samsung,9,Fully Automatic,Front Load,with In-built Heater Grey,37990,25,26571
151,"IFB 7 kg 5 Star with Steam Refresh Program, 9 Swirl wash, Eco Inverter, Powered by AI with WiFi Fully Automatic Front Load Washing Machine",IFB,7,Fully Automatic,Front Load,with In-built Heater Black,29490,20,30648
152,Admiral 8 kg Fully Automatic Top Load Washing Machine,Admiral,8,Fully Automatic,Top Load,"with In-built Heater Black, Grey",11990,45,2
153,MOTOROLA 7 kg Fully Automatic Top Load Washing Machine,MOTOROLA,7,Fully Automatic,Top Load,Grey,11600,29,5810
154,LG 7 kg Semi Automatic Top Load Washing Machine,LG,7,Semi Automatic,Top Load,"Grey, White",25990,23,9
155,"LG 9 kg 5 Star, Smart Inverter Technology, TurboDrum, Jetspray+, Turbowash, Smart Diagnosis, Soft Closing Door, tub cleaning after every wash cycle Fully Automatic Top Load Washing Machine",LG,9,Fully Automatic,Top Load,"Black, Grey",36989,36,86853
156,BOSCH 8 kg Fully Automatic Front Load Washing Machine,BOSCH,8,Fully Automatic,Front Load,with In-built Heater Blue,11689,30,3
157,Godrej 8 kg 5 Star With Active Soak Technology With Tri Roto Scrub Pulsator Semi Automatic Top Load Washing Machine,Godrej,8,Semi Automatic,Top Load,Grey,34150,43,5751
158,BOSCH 8 kg Fully Automatic Front Load Washing Machine,BOSCH,8,Fully Automatic,Front Load,with In-built Heater Black,43490,27,13805
159,"LG 12 kg 5 Star, AI Direct Drive Technology, Wi-Fi Enabled, Steam Wash, Intelligent & Convenient Fabric Care, Allergy Care, Remote Control, In-Built Heater Fully Automatic Front Load Washing Machine",LG,12,Fully Automatic,Front Load,with In-built Heater Black,8490,46,2438
160,Sharp 7 kg Semi Automatic Top Load Washing Machine,Sharp,7,Semi Automatic,Top Load,"Grey, Black",14950,34,4
161,Voltas Beko by A Tata Product 7 kg Fully Automatic Top Load Washing Machine,Voltas Beko by A Tata Product,7,Fully Automatic,Top Load,Grey,16490,56,6
162,Voltas Beko by A Tata Product 8 kg Fully Automatic Top Load Washing Machine,Voltas Beko by A Tata Product,8,Fully Automatic,Top Load,Grey,16990,59,828
163,Voltas Beko 8 kg Fully Automatic Top Load Washing Machine,Voltas Beko,8,Fully Automatic,Top Load,with In-built Heater Grey,14490,48,828
164,Voltas Beko by A Tata Product 7 kg Fully Automatic Front Load Washing Machine,Voltas Beko by A Tata Product,7,Fully Automatic,Front Load,Grey,21689,36,6
165,"Whirlpool 9.5 kg 5 Star,With Hard water wash Fully Automatic Top Load Washing Machine",Whirlpool,9.5,Fully Automatic,Top Load,with In-built Heater Grey,16567,9,2192
166,Samsung 8.5 kg Semi Automatic Top Load Washing Machine,Samsung,8.5,Semi Automatic,Top Load,"Blue, Grey",11299,33,46
167,LG 7.5 kg Semi Automatic Top Load Washing Machine,LG,7.5,Semi Automatic,Top Load,Purple,,,172
168,"Whirlpool 9 kg Ozone Technology 5 Star Inverter 100+ Tough Stains, 1200 RPM, Supreme Care Fully Automatic Front Load Washing Machine",Whirlpool,9,Fully Automatic,Front Load,"with In-built Heater Black, Grey",34800,35,2773
169,"Lloyd by Havells 7 kg with 16 Wash Programs, 90� C Self Cleaning & high-Speed Spinning Fully Automatic Front Load Washing Machine",Lloyd by Havells,7,Fully Automatic,Front Load,with In-built Heater White,26249,33,108
170,"Whirlpool 8 kg 5 Star with Auto Restart, End of Cycle Buzzer, Lint Filter and Collar Scrubber Semi Automatic Top Load Washing Machine",Whirlpool,8,Semi Automatic,Top Load,"Black, Grey",12490,23,44382
171,"LG 11 kg 5 Star with Roller Jet Pulsator with Soak,� Wind Jet Dry and Rat Away, 8 Kg (Spin Tub Capacity) Semi Automatic Top Load Washing Machine",LG,11,Semi Automatic,Top Load,Black,18990,28,5664
172,"Godrej 7 kg Tri- Roto Pulsator, Spin Shower, Drying at 1400 RPM Speed, Semi Automatic Top Load Washing Machine",Godrej,7,Semi Automatic,Top Load,Grey,9590,31,5751
173,Voltas Beko 8 kg Semi Automatic Top Load Washing Machine,Voltas Beko,8,Semi Automatic,Top Load,Blue,10990,45,528
174,Panasonic 7 kg Wi-Fi Enabled Smart Washing Machine,Panasonic,7,Fully Automatic,Top Load,Fully Automatic Top Load Silver,7290,39,82
175,Voltas Beko 6 kg Semi Automatic Top Load Washing Machine,Voltas Beko,6,Semi Automatic,Top Load,"Maroon, White",19990,47,23446
176,"Godrej 6 kg 5 Star, AI Tech, Steam Wash Fully Automatic Front Load Washing Machine",Godrej,6,Fully Automatic,Front Load,with In-built Heater Grey,10090,36,1421
177,MOTOROLA 8 kg 5 star rating Midnight Series Semi Automatic Top Load Washing Machine,MOTOROLA,8,Semi Automatic,Top Load,Black,30990,17,18200
178,"Whirlpool 8 kg 5 Star Inverter Steam Technology, 100+ Tough Stains, 6th Sense Soft Move, Supreme Care Fully Automatic Front Load Washing Machine",Whirlpool,8,Fully Automatic,Front Load,with In-built Heater Grey,12290,29,2773
179,Samsung 8 kg Semi Automatic Top Load Washing Machine,Samsung,8,Semi Automatic,Top Load,Red,6490,10,104
180,Unknown,ONIDA,9,Unknown,Unknown,Unknown,26499,53,31249
181,Voltas Beko 8 kg Fully Automatic Front Load Washing Machine,Voltas Beko,8,Fully Automatic,Front Load,with In-built Heater Grey,16990,10,37
182,ONIDA 6.8 kg Fully Automatic Top Load Washing Machine,ONIDA,6.8,Fully Automatic,Top Load,Red,33990,33,303
183,BOSCH 8 kg Fully Automatic Front Load Washing Machine,BOSCH,8,Fully Automatic,Front Load,with In-built Heater Grey,16699,36,13805
184,Whirlpool 7.5 kg 5 Star Stainwash Pro Fully Automatic Top Load Washing Machine,Whirlpool,7.5,Fully Automatic,Top Load,with In-built Heater Grey,36490,35,2534
185,BOSCH 9 kg Fully Automatic Front Load Washing Machine,BOSCH,9,Fully Automatic,Front Load,with In-built Heater White,23990,48,13805
186,"Godrej 7 kg AI Powered, FabriSafe Drum, Eco Wash Fully Automatic Front Load Washing Machine",Godrej,7,Fully Automatic,Front Load,White,12890,35,1421
187,LG 8 kg Semi Automatic Top Load Washing Machine,LG,8,Semi Automatic,Top Load,Maroon,25990,55,43
188,realme TechLife 10 kg Fully Automatic Front Load Washing Machine,realme TechLife,10,Fully Automatic,Front Load,with In-built Heater Grey,33957,2,2549
189,Samsung 10 kg Wi-Fi EnabledInverter 5 Star with Ecobubble Technology Fully Automatic Top Load Washing Machine,Samsung,10,Fully Automatic,Top Load,Grey,26812,16,24726
190,Samsung 8 kg with Wi-Fi Enabled Fully Automatic Top Load Washing Machine,Samsung,8,Fully Automatic,Top Load,Grey,23999,31,212
191,Samsung 9 kg with Wi-Fi Enabled Fully Automatic Top Load Washing Machine,Samsung,9,Fully Automatic,Top Load,with In-built Heater Grey,,,24726
192,BOSCH 8 kg Fully Automatic Front Load Washing Machine,BOSCH,8,Fully Automatic,Front Load,with In-built Heater White,28990,39,13805
193,Whirlpool 7 kg with Hard Water Wash Fully Automatic Top Load Washing Machine,Whirlpool,7,Fully Automatic,Top Load,Grey,17890,13,25705
194,Whirlpool 6 kg with Hard Water Wash Fully Automatic Top Load Washing Machine,Whirlpool,6,Fully Automatic,Top Load,Grey,15901,10,15667
195,"Haier 11 kg Toughened Glass with Digital Kingfisher Print, Anti Bacterial Vortex Pulsator, 1300 RPM, Spray Function, Wash Programs, Magic Filter, Rat Mesh Semi Automatic Top Load Washing Machine",Haier,11,Semi Automatic,Top Load,Black,14950,38,6970
196,"Haier 9 kg Toughened Glass with Digital Kingfisher Print, Anti Bacterial Vortex Pulsator, 1300 RPM, Spray Function, Wash Programs, Magic Filter, Rat Mesh Semi Automatic Top Load Washing Machine",Haier,9,Semi Automatic,Top Load,"Black, Grey",14399,33,6970
197,Whirlpool 7.5 kg 5 Star Fully Automatic Top Load Washing Machine,Whirlpool,7.5,Fully Automatic,Top Load,with In-built Heater Grey,17990,33,1485
198,BOSCH 9 kg Fully Automatic Front Load Washing Machine,BOSCH,9,Fully Automatic,Front Load,with In-built Heater Grey,38900,35,13805
199,"BOSCH 7.5 kg 5 Star with Vario Pulsator, Stain Scrubber & 1360 High RPM Spin Motor Semi Automatic Top Load Washing Machine",BOSCH,7.5,Semi Automatic,Top Load,"Grey, White",11200,32,416
200,"BOSCH 8 kg 5 Star with Vario Pulsator, Stain Scrubber & 1360 High RPM Spin Motor Semi Automatic Top Load Washing Machine",BOSCH,8,Semi Automatic,Top Load,"Grey, White",11990,33,161
201,Voltas Beko by A Tata Product 7 kg 5 Star Fully Automatic Front Load Washing Machine,Voltas Beko by A Tata Product,7,Fully Automatic,Front Load,with In-built Heater White,23490,46,2748
202,Voltas Beko by A Tata Product 8 kg 5 star Fully Automatic Front Load Washing Machine,Voltas Beko by A Tata Product,8,Fully Automatic,Front Load,with In-built Heater White,25490,50,2748
203,Whirlpool 8.5 kg 5 Star Semi Automatic Top Load Washing Machine,Whirlpool,8.5,Semi Automatic,Top Load,"Black, Grey",13699,23,244
204,BOSCH 8 kg 5 Star with 1360 High RPM Spin Motor Semi Automatic Top Load Washing Machine,BOSCH,8,Semi Automatic,Top Load,Multicolor,12999,29,416
205,Whirlpool 11 kg 5 Star With Faster Drying Semi Automatic Top Load Washing Machine,Whirlpool,11,Semi Automatic,Top Load,Grey,14510,33,1439
206,Panasonic 6 kg 4 Star 8 Wash Program AquaBeat Wash Fully Automatic Top Load Washing Machine,Panasonic,6,Fully Automatic,Top Load,Grey,13990,16,12421
207,Whirlpool 10 kg Fully Automatic Top Load Washing Machine,Whirlpool,10,Fully Automatic,Top Load,"with In-built Heater Grey, Black",23990,34,29
208,BOSCH 7 kg Fully Automatic Front Load Washing Machine,BOSCH,7,Fully Automatic,Front Load,"Black, Grey",27990,45,13805
209,Sansui 9 kg Semi Automatic Top Load Washing Machine,Sansui,9,Semi Automatic,Top Load,Red,9490,50,15800
210,Samsung 10 kg with Wi-Fi Enabled Fully Automatic Top Load Washing Machine,Samsung,10,Fully Automatic,Top Load,with In-built Heater Black,29190,23,38
211,Godrej 7.5 kg Inbuilt Heater with Unbalanced Load Sensing Fully Automatic Top Load Washing Machine,Godrej,7.5,Fully Automatic,Top Load,with In-built Heater Grey,16990,48,4180
212,"Whirlpool 7 kg 5 Star Inverter 100+ Tough Stains, Steam Technology, Fully Automatic Front Load Washing Machine",Whirlpool,7,Fully Automatic,Front Load,with In-built Heater Grey,25490,27,2773
213,"Samsung 9 kg 5 star, Ecobubble, Wi-Fi, Digital Inverter Fully Automatic Top Load Washing Machine",Samsung,9,Fully Automatic,Top Load,Grey,22990,24,108865
214,"Samsung 8 kg 5 star, Ecobubble, Super Speed, Wi-Fi, Digital Inverter, Fully Automatic Top Load Washing Machine",Samsung,8,Fully Automatic,Top Load,Grey,29694,7,24726
215,"Samsung 12 kg 5 Star, AI Control, AI Ecobubble, Super Speed, Wi-Fi, Hygiene Steam, Digital Inverter Motor Fully Automatic Front Load Washing Machine",Samsung,12,Fully Automatic,Front Load,"with In-built Heater Black, Blue",44990,26,26571
216,Lloyd by Havells 9 kg Semi Automatic Top Load Washing Machine,Lloyd by Havells,9,Semi Automatic,Top Load,Silver,14890,27,7
217,Admiral 6.5 kg Fully Automatic Top Load Washing Machine,Admiral,6.5,Fully Automatic,Top Load,Black,16490,38,37
218,"Haier 8 kg With Ultra Fresh Air Technology, Oceanus Wave Steel Drum, Balance Clean Pulsator, Custom Wash Cycles with 15 Mins Quick Wash, Magic Filter Fully Automatic Top Load Washing Machine",Haier,8,Fully Automatic,Top Load,"Grey, Black",13390,23,74082
219,Voltas Beko by A Tata Product 8 kg Semi Automatic Top Load Washing Machine,Voltas Beko by A Tata Product,8,Semi Automatic,Top Load,White,12999,12,20
220,Voltas Beko by A Tata Product 8 kg Semi Automatic Top Load Washing Machine,Voltas Beko by A Tata Product,8,Semi Automatic,Top Load,"White, Blue",10690,54,601
221,Voltas Beko by A Tata Product 8.5 kg 5 Star Semi Automatic Top Load Washing Machine,Voltas Beko by A Tata Product,8.5,Semi Automatic,Top Load,Multicolor,36290,26,6278
222,"IFB 9 kg 5 Star with Steam Refresh program, 9 Swirl Wash, Eco Inverter, Touch Panel with AI Fully Automatic Front Load Washing Machine",IFB,9,Fully Automatic,Front Load,with In-built Heater Black,28990,43,30648
223,"Godrej 8 kg With AI Tech, Steam Wash, Fully Automatic Front Load Washing Machine",Godrej,8,Fully Automatic,Front Load,Grey,24990,26,1421
224,"Samsung 10 kg 5 Star, AI Wash, AI Energy Mode, Wi-Fi, Ecobubble, AI VRT+, Soft Closing Door, Digital Inverter Fully Automatic Top Load Washing Machine",Samsung,10,Fully Automatic,Top Load,Grey,22190,51,108865
225,MOTOROLA 8 kg Super Steam Technology Fully Automatic Front Load Washing Machine,MOTOROLA,8,Fully Automatic,Front Load,with In-built Heater Blue,12895,28,13036
226,BOSCH 8 kg 5 Star with 1360 High RPM Spin Motor Semi Automatic Top Load Washing Machine,BOSCH,8,Semi Automatic,Top Load,Multicolor,13700,31,416
227,BOSCH 8.5 kg 5 Star with 1360 High RPM Spin Motor Semi Automatic Top Load Washing Machine,BOSCH,8.5,Semi Automatic,Top Load,Multicolor,11749,26,416
228,Samsung 7 kg Semi Automatic Top Load Washing Machine,Samsung,7,Semi Automatic,Top Load,"White, Blue",11919,36,8
229,Godrej 8 kg Semi Automatic Top Load Washing Machine,Godrej,8,Semi Automatic,Top Load,Black,17499,32,5
230,LG 11.5 kg Semi Automatic Top Load Washing Machine,LG,11.5,Semi Automatic,Top Load,Black,13330,45,27
231,Whirlpool 9 kg Semi Automatic Top Load Washing Machine,Whirlpool,9,Semi Automatic,Top Load,Grey,19190,26,299
232,LG 11.5 kg Semi Automatic Top Load Washing Machine,LG,11.5,Semi Automatic,Top Load,Black,37990,10,27
233,LG 7 kg AI Direct Drive Technology Fully Automatic Front Load Washing Machine,LG,7,Fully Automatic,Front Load,with In-built Heater White,11999,33,192
234,"Thomson 7.5 kg PureWash with Stainless Steel Drum, Magic Filter and Multiple Wash Programs Fully Automatic Top Load Washing Machine",Thomson,7.5,Fully Automatic,Top Load,Grey,29300,21,6756
235,"IFB 7 kg 5 Star with Steam Refresh program, 9 Swirl Wash, Eco Inverter, Powered by AI with Wifi Fully Automatic Front Load Washing Machine",IFB,7,Fully Automatic,Front Load,with In-built Heater Silver,8690,40,30648
236,Voltas Beko by A Tata Product 7 kg Semi Automatic Top Load Washing Machine,Voltas Beko by A Tata Product,7,Semi Automatic,Top Load,"Maroon, White",21743,9,23446
237,LG 7.5 kg Fully Automatic Top Load Washing Machine,LG,7.5,Fully Automatic,Top Load,Silver,9590,58,839
238,"TCL 8.5 kg 5 Star with Extra Powerful Motor, Magic Filter and Fast Dry Semi Automatic Top Load Washing Machine",TCL,8.5,Semi Automatic,Top Load,Grey,12999,34,401
239,LG 7 kg Semi Automatic Top Load Washing Machine,LG,7,Semi Automatic,Top Load,"Maroon, White",,,806
240,IFB 9 kg Fully Automatic Top Load Washing Machine,IFB,9,Fully Automatic,Top Load,with In-built Heater Black,26499,25,341
241,"TCL 8.5 kg 5 Star with Extra Powerful Motor, Magic Filter and Fast Dry Semi Automatic Top Load Washing Machine",TCL,8.5,Semi Automatic,Top Load,Grey,9590,58,401
242,realme TechLife 8 kg In-built Heater with ExpertWash Fully Automatic Front Load Washing Machine,realme TechLife,8,Fully Automatic,Front Load,with In-built Heater Grey,22990,47,2549
243,"IFB 8 kg 5 Star 2X Power Steam,Hard Water Wash Fully Automatic Front Load Washing Machine",IFB,8,Fully Automatic,Front Load,with In-built Heater Brown,40950,13,23
244,Unknown,Voltas Beko,7.5,Unknown,Unknown,Unknown,5289,29,587
245,Samsung 6.5 kg Diamond Drum feature Fully Automatic Top Load Washing Machine,Samsung,6.5,Fully Automatic,Top Load,Silver,14781,12,61845
246,"ONIDA 8 kg 5 Star Rating, Auto Scrubber Semi Automatic Top Load Washing Machine",ONIDA,8,Semi Automatic,Top Load,Red,10401,23,10520
247,LG 7.5 kg Semi Automatic Top Load Washing Machine,LG,7.5,Semi Automatic,Top Load,"Grey, White",12585,37,184
248,Haier 10 kg Semi Automatic Top Load Washing Machine,Haier,10,Semi Automatic,Top Load,"White, Black",14624,20,6970
249,Samsung 7 kg Fully Automatic Top Load Washing Machine,Samsung,7,Fully Automatic,Top Load,Silver,17150,23,29
250,Samsung 7 kg with Inverter Fully Automatic Top Load Washing Machine,Samsung,7,Fully Automatic,Top Load,"Grey, Black",19437,13,10
251,Samsung 7 kg Fully Automatic Top Load Washing Machine,Samsung,7,Fully Automatic,Top Load,Grey,16929,24,15
252,Samsung 7 kg Fully Automatic Top Load Washing Machine,Samsung,7,Fully Automatic,Top Load,Grey,22490,8,4
253,"IFB 8 kg 5 Star with Deep Clean Technology, ActivMix, Powered by AI, with Aqua Energie, Soft Close Door, Fully Automatic Top Load Washing Machine",IFB,8,Fully Automatic,Top Load,"Black, Grey",21990,26,26954
254,"IFB 6.5 kg 5 Star with Deep Clean Technology, ActivMix, Powered by AI, with Aqua Energie, Soft Close Door, Fully Automatic Top Load Washing Machine",IFB,6.5,Fully Automatic,Top Load,"Black, Grey",16990,24,26954
255,"IFB 7 kg 5 Star with Deep Clean Technology, ActivMix, Powered by AI, with Aqua Energie, Soft Close Door, Fully Automatic Top Load Washing Machine",IFB,7,Fully Automatic,Top Load,"Black, Grey",17990,24,26954
256,Samsung 6.5 kg 5 Star Inverter Wobble technology Fully Automatic Top Load Washing Machine,Samsung,6.5,Fully Automatic,Top Load,Grey,15990,25,24726
257,InnoQ 9 kg | Turbo Wash | Buzzer | Wheels | Turbo Jet Dryer | Magic Filter | Lint Filter Semi Automatic Top Load Washing Machine,InnoQ,9,Semi Automatic,Top Load,Grey,9190,60,3251
258,LG 7 kg with Inverter Fully Automatic Front Load Washing Machine,LG,7,Fully Automatic,Front Load,with In-built Heater Silver,36990,9,45
259,"IFB 10 kg 5 Star with Steam Refresh Program, 9 Swirl wash, Eco Inverter, Powered by AI with WiFi Fully Automatic Front Load Washing Machine",IFB,10,Fully Automatic,Front Load,with In-built Heater Black,46390,12,30648
260,Midea 7 kg Semi Automatic Top Load Washing Machine,Midea,7,Semi Automatic,Top Load,"Blue, White",7890,28,276
261,"Whirlpool 7 kg 5 Star Inverter 100+ Tough Stains, Steam Technology Fully Automatic Front Load Washing Machine",Whirlpool,7,Fully Automatic,Front Load,with In-built Heater Silver,26490,27,2773
262,"BOSCH 8 kg INVERTERTOUCHCONTROL,1200RPM Fully Automatic Front Load Washing Machine",BOSCH,8,Fully Automatic,Front Load,with In-built Heater White,39000,5,10120
263,MarQ by Flipkart 8.5 kg 5 Star Rating Innowash Range Semi Automatic Top Load Washing Machine,MarQ by Flipkart,8.5,Semi Automatic,Top Load,"Blue, White",9290,45,63703
264,"IFB 8 kg 5 Star with Steam Refresh program, 9 Swirl Wash, Eco Inverter, Touch Panel with AI Fully Automatic Front Load Washing Machine",IFB,8,Fully Automatic,Front Load,with In-built Heater White,32500,25,30648
265,"IFB 7 kg 5 Star with Steam Refresh program, 9 Swirl Wash, Eco Inverter, Powered by AI with Wifi Fully Automatic Front Load Washing Machine",IFB,7,Fully Automatic,Front Load,with In-built Heater Grey,28109,23,30648
266,"IFB 9 kg 5 Star with Steam Refresh program, 9 Swirl Wash, Eco Inverter, with AI Fully Automatic Front Load Washing Machine",IFB,9,Fully Automatic,Front Load,"with In-built Heater Black, Silver",36990,24,30648
267,Whirlpool 6.5 kg Fully Automatic Top Load Washing Machine,Whirlpool,6.5,Fully Automatic,Top Load,Grey,19127,8,112
268,Lloyd 10 kg Semi Automatic Top Load Washing Machine,Lloyd,10,Semi Automatic,Top Load,Black,16149,26,10
269,LG 7 kg Semi Automatic Top Load Washing Machine,LG,7,Semi Automatic,Top Load,"Blue, White",11526,23,686
270,LG 7 kg Semi Automatic Top Load Washing Machine,LG,7,Semi Automatic,Top Load,"White, Blue",12211,19,686
271,Voltas Beko 10 kg Fully Automatic Top Load Washing Machine,Voltas Beko,10,Fully Automatic,Top Load,"Black, Grey",18990,57,2679
272,Voltas Beko by A Tata Product 8.5 kg 5 Star Semi Automatic Top Load Washing Machine,Voltas Beko by A Tata Product,8.5,Semi Automatic,Top Load,Blue,10690,54,6278
273,Panasonic 8 kg Semi Automatic Top Load Washing Machine,Panasonic,8,Semi Automatic,Top Load,Blue,12890,15,15
274,Godrej 8 kg Inbuilt Heater with Unbalanced Load Sensing Fully Automatic Top Load Washing Machine,Godrej,8,Fully Automatic,Top Load,with In-built Heater Grey,18790,44,53
275,Godrej 8 kg With AI Tech And Zero Pressure (0.02 MPa) Technology With Steel Drum Fully Automatic Top Load Washing Machine,Godrej,8,Fully Automatic,Top Load,"Grey, Black",16990,48,4180
276,"LG 9 kg 5 Star, Inverter Direct Drive Technology, 6 Motion DD, Reduce germs & allergens with steam cycles, In-built Heater, Touch Panel Fully Automatic Front Load Washing Machine",LG,9,Fully Automatic,Front Load,"with In-built Heater Black, Grey",35990,32,13331
277,"LG 7 kg 5 Star, Inverter Direct Drive Technology, 6 Motion DD, Reduce germs & allergens with steam cycles, In-built Heater & Touch Panel Fully Automatic Front Load Washing Machine",LG,7,Fully Automatic,Front Load,"with In-built Heater Black, Grey",28990,34,13331
278,Voltas Beko 8 kg Fully Automatic Top Load Washing Machine,Voltas Beko,8,Fully Automatic,Top Load,Grey,15990,60,2679
279,"Whirlpool 7 kg 5 Star, Hard Water wash Fully Automatic Top Load Washing Machine",Whirlpool,7,Fully Automatic,Top Load,Grey,14390,32,14582
280,Whirlpool 7 kg Fully Automatic Top Load Washing Machine,Whirlpool,7,Fully Automatic,Top Load,with In-built Heater Grey,16490,31,15
281,"Whirlpool 7.5 kg 5 Star, Hard Water wash Fully Automatic Top Load Washing Machine",Whirlpool,7.5,Fully Automatic,Top Load,Grey,15590,37,14582
282,White Westinghouse (Trademark by Electrolux) 10.5 kg Fully Automatic Front Load Washing Machine,Unknown,10.5,Fully Automatic,Front Load,with In-built Heater White,27499,44,552
283,Samsung 11 kg Fully Automatic Top Load Washing Machine,Samsung,11,Fully Automatic,Top Load,Grey,37990,18,54
284,Panasonic 6.7 kg Fully Automatic Top Load Washing Machine,Panasonic,6.7,Fully Automatic,Top Load,with In-built Heater Grey,16990,30,249
285,LG 7.5 kg Fully Automatic Top Load Washing Machine,LG,7.5,Fully Automatic,Top Load,Grey,30990,36,4
286,"Haier 10 kg Toughened Glass, Anti Bacterial Vortex Pulsator, 1300 RPM, Spray Function, Wash Programs, Magic Filter, Rat Mesh Semi Automatic Top Load Washing Machine",Haier,10,Semi Automatic,Top Load,"with In-built Heater Black, Grey",14999,26,6970
287,"IFB 11 kg 5 Star with DeepClean Technology, PowerSteam, AI Powered,Aqua Energie Fully Automatic Top Load Washing Machine",IFB,11,Fully Automatic,Top Load,"with In-built Heater Grey, Black",33100,,28
288,BOSCH 6 kg Fully Automatic Front Load Washing Machine,BOSCH,6,Fully Automatic,Front Load,with In-built Heater White,29636,12,8
289,Whirlpool 8.5 kg Fully Automatic Top Load Washing Machine,Whirlpool,8.5,Fully Automatic,Top Load,with In-built Heater Grey,18590,32,17
290,"IFB 6.5 kg 5 Star with Steam Refresh program, 9 Swirl Wash, Eco Inverter, Powered by AI with Power Steam Fully Automatic Front Load Washing Machine",IFB,6.5,Fully Automatic,Front Load,"with In-built Heater Silver, Black",27990,22,30648
291,Lloyd by Havells 6.5 kg Fully Automatic Top Load Washing Machine,Lloyd by Havells,6.5,Fully Automatic,Top Load,Grey,17900,14,3
292,Whirlpool 8 kg Fully Automatic Top Load Washing Machine,Whirlpool,8,Fully Automatic,Top Load,with In-built Heater Grey,21390,27,370
293,Whirlpool 11 kg Semi Automatic Top Load Washing Machine,Whirlpool,11,Semi Automatic,Top Load,Grey,14540,30,676
294,Whirlpool 9 kg Semi Automatic Top Load Washing Machine,Whirlpool,9,Semi Automatic,Top Load,Grey,13250,30,1145
295,Samsung 7 kg Fully Automatic Top Load Washing Machine,Samsung,7,Fully Automatic,Top Load,"Black, Grey",18499,17,10
296,"BOSCH 6 kg Drive Motor, Anti Tangle, Anti Vibration Fully Automatic Front Load Washing Machine",BOSCH,6,Fully Automatic,Front Load,White,78980,34,9193
297,Unknown,LG,8,Fully Automatic,Front Load,Unknown,44490,29,219
298,"IFB 10 kg 5 Star with Steam Refresh program, 9 Swirl Wash, Eco Inverter, with AI Fully Automatic Front Load Washing Machine",IFB,10,Fully Automatic,Front Load,with In-built Heater Black,42950,28,30648
299,"IFB 9 kg 5 Star with Steam Refresh program, 9 Swirl Wash, Eco Inverter, with AI Fully Automatic Front Load Washing Machine",IFB,9,Fully Automatic,Front Load,"with In-built Heater Black, Grey",14490,54,30648
300,Equator 8 kg Ozone Sanitize and Saree Cycle Fully Automatic Top Load Washing Machine,Equator,8,Fully Automatic,Top Load,Beige,17490,36,11
301,"Haier 8 kg Toughened Glass with Anti Bacterial Vortex Pulsator, 1300 RPM, Spray Function, Wash Programs, Magic Filter, Rat Mesh Fully Automatic Top Load Washing Machine",Haier,8,Fully Automatic,Top Load,"Black, Grey",14090,47,107
302,"Godrej 7 kg 5 Star, Zero Pressure Technology Fills Tub 60% Faster, Stainless Steel Gravity Drum Fully Automatic Top Load Washing Machine",Godrej,7,Fully Automatic,Top Load,Grey,13398,53,10508
303,"Acer 6.5 kg Halo Wash Series with Glass Lid, 5 Star Rating, AiSense, AutoBalance, Hex-Fin Jet Pulsator, SwirlWash Tub Fully Automatic Top Load Washing Machine",Acer,6.5,Fully Automatic,Top Load,"Black, Grey",27990,37,10
304,Haier 7 kg Fully Automatic Front Load Washing Machine,Haier,7,Fully Automatic,Front Load,"with In-built Heater Black, Blue",33999,30,3030
305,Haier 8 kg Fully Automatic Front Load Washing Machine,Haier,8,Fully Automatic,Front Load,"with In-built Heater Black, Blue",11599,32,3030
306,LG 7.5 kg Semi Automatic Top Load Washing Machine,LG,7.5,Semi Automatic,Top Load,Maroon,17090,39,750
307,Godrej 7.5 Kg 5 Star Germ Shield Technology & Roller Coaster Wash Technology Fully Automatic Top Load Washing Machine,Godrej,7.5,Fully Automatic,Top Load,"with In-built Heater Black, Maroon",37990,24,4180
308,Admiral 6.5 kg Semi Automatic Top Load Washing Machine,Admiral,6.5,Semi Automatic,Top Load,"Maroon, White",35990,15,192
309,"IFB 9 kg 5 Star with Steam Refresh program, 9 Swirl Wash, Eco Inverter, with AI Fully Automatic Front Load Washing Machine",IFB,9,Fully Automatic,Front Load,with In-built Heater Brown,7490,40,60
310,"Samsung 12 kg 5 Star, AI Wash, AI Energy Mode, Wi-Fi, Ecobubble, AI VRT+, Super Speed, Soft Closing Door, Digital Inverter Fully Automatic Top Load Washing Machine",Samsung,12,Fully Automatic,Top Load,"Grey, Black",,,108865
311,Voltas Beko 6.5 kg Semi Automatic Top Load Washing Machine,Voltas Beko,6.5,Semi Automatic,Top Load,"Maroon, White",,,23446
312,"Whirlpool 7 kg 5 Star,Turbo Scrub Technology Semi Automatic Top Load Washing Machine",Whirlpool,7,Semi Automatic,Top Load,Grey,11390,1,60782
313,"Samsung 7 kg 5 star, Ecobubble, Super Speed, Digital Inverter, Fully Automatic Top Load Washing Machine",Samsung,7,Fully Automatic,Top Load,Grey,19190,20,8997
314,"Samsung 7 kg 5 star, Ecobubble, Wi-Fi, Digital Inverter,Hygiene Steam Fully Automatic Top Load Washing Machine",Samsung,7,Fully Automatic,Top Load,with In-built Heater Grey,24490,14,911
315,"Midea 7.5 kg 5 Star Rust proof Body, Air Dry Function, Rat Away Feature Semi Automatic Top Load Washing Machine",Midea,7.5,Semi Automatic,Top Load,"Maroon, White",7790,37,52
316,"LG 8 kg 5 Star, Inverter Direct Drive Technology, 6 Motion, Steam Fully Automatic Front Load Washing Machine",LG,8,Fully Automatic,Front Load,with In-built Heater White,35843,16,23129
317,Voltas Beko 8 kg Semi Automatic Top Load Washing Machine,Voltas Beko,8,Semi Automatic,Top Load,"Blue, White",9790,48,23446
318,Godrej 10 kg 5 Star With Zero Pressure (0.02 MPa) Technology Fully Automatic Top Load Washing Machine,Godrej,10,Fully Automatic,Top Load,with In-built Heater Grey,22990,42,4180
319,MOTOROLA 7 kg Super Steam Technology Fully Automatic Front Load Washing Machine,MOTOROLA,7,Fully Automatic,Front Load,with In-built Heater Blue,21190,48,13036
320,Admiral 8 kg Semi Automatic Top Load Washing Machine,Admiral,8,Semi Automatic,Top Load,Black,10490,13,192
321,Samsung 7.5 Kg Semi Automatic Top Load Washing Machine,Samsung,7.5,Semi Automatic,Top Load,"Black, Grey",13578,14,14
322,Samsung 7 kg Fully Automatic Top Load Washing Machine,Samsung,7,Fully Automatic,Top Load,Silver,23500,13,66
323,Voltas Beko 12 Kg Semi Automatic Top Load Washing Machine,Voltas Beko,12,Semi Automatic,Top Load,"Blue, White",13590,39,23446
324,"Lloyd by Havells 7.5 kg |1300 RPM|Soak Function|3 Wash Programs|Swift Dry|Magic Filter, Semi Automatic Top Load Washing Machine",Lloyd by Havells,7.5,Semi Automatic,Top Load,"Maroon, White",10690,39,3033
325,"IFB 7 kg with Steam Wash, Aqua Energie, Anti-Allergen Fully Automatic Front Load Washing Machine",IFB,7,Fully Automatic,Front Load,with In-built Heater White,31590,13,11
326,"IFB 7 kg with Steam Wash, Aqua Energie, Anti-Allergen Fully Automatic Front Load Washing Machine",IFB,7,Fully Automatic,Front Load,with In-built Heater White,31590,10,1216
327,Voltas Beko 7 kg Semi Automatic Top Load Washing Machine,Voltas Beko,7,Semi Automatic,Top Load,"White, Maroon",8560,34,89
328,ONIDA 6.5 kg 5 Star Semi Automatic Top Load Washing Machine,ONIDA,6.5,Semi Automatic,Top Load,"Blue, White",9990,1,10520
329,Lloyd by Havells 9 kg Semi Automatic Top Load Washing Machine,Lloyd by Havells,9,Semi Automatic,Top Load,"Grey, Orange",14249,28,3033
330,BOSCH 7.5 kg Fully Automatic Top Load Washing Machine,BOSCH,7.5,Fully Automatic,Top Load,White,21978,24,12
331,Samsung 6.5 kg with Steam Fully Automatic Front Load Washing Machine,Samsung,6.5,Fully Automatic,Front Load,Silver,35000,8,31
332,"Samsung 7 kg with Steam ,Wi-Fi Enabled Enabled Fully Automatic Front Load Washing Machine",Samsung,7,Fully Automatic,Front Load,with In-built Heater Black,39990,18,28
333,"Samsung 8 kg 5 star, AI Control, AI Eco Bubble, Wi-Fi Fully Automatic Front Load Washing Machine",Samsung,8,Fully Automatic,Front Load,"with In-built Heater Black, Grey",34490,38,26571
334,Whirlpool 11 kg 5 Star Semi Automatic Top Load Washing Machine,Whirlpool,11,Semi Automatic,Top Load,with In-built Heater Grey,17599,16,101
335,Samsung 6.5 kg with Steam Fully Automatic Front Load Washing Machine,Samsung,6.5,Fully Automatic,Front Load,with In-built Heater Silver,33406,16,18
336,Voltas Beko by A Tata Product 8 kg 5 Star Fully Automatic Front Load Washing Machine,Voltas Beko by A Tata Product,8,Fully Automatic,Front Load,with In-built Heater Grey,26999,49,2748
337,Power Guard 7 kg Semi Automatic Top Load Washing Machine,Power Guard,7,Semi Automatic,Top Load,Blue,9039,43,3
338,MOTOROLA 7 kg 5 Star Rating Garment Sterilization Fully Automatic Front Load Washing Machine,MOTOROLA,7,Fully Automatic,Front Load,with In-built Heater White,25190,25,445
339,Unknown,IFB,6.5,Unknown,Unknown,Unknown,32600,55,71
340,LG 8 kg 5 Star with AI Direct Drive Washer with Steam Fully Automatic Front Load Washing Machine,LG,8,Fully Automatic,Front Load,with In-built Heater Black,38990,26,77
341,"LG 8 kg 5 Star, AI Direct Drive Technology, Steam, 6 Motion DD Fully Automatic Front Load Washing Machine",LG,8,Fully Automatic,Front Load,Black,35900,28,13331
342,LG Electronics 7.5 kg Semi Automatic Top Load Washing Machine,LG Electronics,7.5,Semi Automatic,Top Load,"Grey, White",12592,30,54
343,realme TechLife 12 kg MegaWash Range Fully Automatic Top Load Washing Machine,realme TechLife,12,Fully Automatic,Top Load,with In-built Heater Grey,12290,29,559
344,Samsung 8 kg Semi Automatic Top Load Washing Machine,Samsung,8,Semi Automatic,Top Load,Red,25349,19,104
345,Samsung 9 kg withWi-Fi Enabled Fully Automatic Top Load Washing Machine,Samsung,9,Fully Automatic,Top Load,Black,25517,5,69
346,Samsung 7 kg with Wi-Fi Enabled Fully Automatic Top Load Washing Machine,Samsung,7,Fully Automatic,Top Load,Black,33400,8,5
347,Samsung 8 kg with Wi-Fi Enabled Fully Automatic Top Load Washing Machine,Samsung,8,Fully Automatic,Top Load,with In-built Heater Black,27396,8,7
348,Samsung 8 kg Fully Automatic Top Load Washing Machine,Samsung,8,Fully Automatic,Top Load,Black,33990,5,13
349,"Samsung 9 kg 5 star, Ecobubble, Super Speed, Wi-Fi, Digital Inverter, Hygiene Steam, Fully Automatic Top Load Washing Machine",Samsung,9,Fully Automatic,Top Load,with In-built Heater Black,24490,22,97
350,"Samsung 9 kg 5 star, Eco Bubble Technology with Super Speed, Wi-Fi Enabled , Digital Inverter Motor, Dual Storm, Fully Automatic Top Load Washing Machine",Samsung,9,Fully Automatic,Top Load,Black,16567,9,69
351,Samsung 8.5 kg Semi Automatic Top Load Washing Machine,Samsung,8.5,Semi Automatic,Top Load,"Blue, Grey",33957,2,46
352,Samsung 10 kg Wi-Fi EnabledInverter 5 Star with Ecobubble Technology Fully Automatic Top Load Washing Machine,Samsung,10,Fully Automatic,Top Load,Grey,26812,16,24726
353,Samsung 8 kg with Wi-Fi Enabled Fully Automatic Top Load Washing Machine,Samsung,8,Fully Automatic,Top Load,Grey,23999,31,212
354,Samsung 9 kg with Wi-Fi Enabled Fully Automatic Top Load Washing Machine,Samsung,9,Fully Automatic,Top Load,with In-built Heater Grey,159990,41,24726
355,"LG 13 kg WashTower, AI Direct Drive & DUAL Inverter Heat Pump, Wi-Fi, Steam Fully Automatic Front Load Washing Machine",LG,13,Fully Automatic,Front Load,with In-built Heater Multicolor,21800,9,13331
356,Unknown,IFB,5.5,Unknown,Unknown,Unknown,9490,40,655
357,"Midea 8 kg 5 Star Rat Away Feature, Air Jet Dry IPX4 Protection Semi Automatic Top Load Washing Machine",Midea,8,Semi Automatic,Top Load,"Black, Grey",10900,16,52
358,Godrej 7 kg Semi Automatic Top Load Washing Machine,Godrej,7,Semi Automatic,Top Load,"White, Blue",14704,1,287
359,Samsung 7.5 kg Semi Automatic Top Load Washing Machine,Samsung,7.5,Semi Automatic,Top Load,"Red, White, Grey",,,846
360,Samsung 7.5 kg Semi Automatic Top Load Washing Machine,Samsung,7.5,Semi Automatic,Top Load,"Red, White, Grey",14704,1,846
361,"LG 10 kg 5 Star with Roller Jet Pulsator with Soak, Wind Jet Dry and Rat Away, 6.5 Kg (Spin Tub Capacity) Semi Automatic Top Load Washing Machine",LG,10,Semi Automatic,Top Load,"Maroon, White",17429,14,1131
362,Samsung 7 kg Semi Automatic Top Load Washing Machine,Samsung,7,Semi Automatic,Top Load,"Red, White, Grey",12500,8,975
363,ONIDA 6 kg 5 Star 10 Wash Programs Stainless Steel Drum Fully Automatic Top Load Washing Machine,ONIDA,6,Fully Automatic,Top Load,Grey,11990,40,56326
364,Whirlpool 9.5 kg With Hard water wash Fully Automatic Top Load Washing Machine,Whirlpool,9.5,Fully Automatic,Top Load,Grey,22619,31,150
365,Panasonic 7 kg 5 Star AquaBeat Wash Fully Automatic Top Load Washing Machine,Panasonic,7,Fully Automatic,Top Load,Grey,16793,18,12421
366,Whirlpool 7 kg Magic Clean 5 Star Semi Automatic Top Load Washing Machine,Whirlpool,7,Semi Automatic,Top Load,"Black, Grey",10990,17,9279
367,Godrej 8 kg 5 Star with Tri- Roto Scrub Pulsator Washing Machine,Godrej,8,Semi Automatic,Top Load,"Semi Automatic Top Load Black, White",12990,23,734
368,Voltas Beko by A Tata Product 14 kg Semi Automatic Top Load Washing Machine,Voltas Beko by A Tata Product,14,Semi Automatic,Top Load,"Grey, White",17343,29,197
369,ONIDA 8 kg 5 star Hexafin Pulsator Inbuilt Basket 1450 RPM Semi Automatic Top Load Washing Machine,ONIDA,8,Semi Automatic,Top Load,Grey,10677,22,10520
370,Whirlpool 11 kg 5 Star Semi Automatic Top Load Washing Machine,Whirlpool,11,Semi Automatic,Top Load,with In-built Heater Grey,17599,16,101
371,Lloyd by Havells 7.5 kg Semi Automatic Top Load Washing Machine,Lloyd by Havells,7.5,Semi Automatic,Top Load,Grey,12999,37,7
372,Lloyd 7.5 kg Semi Automatic Top Load Washing Machine,Lloyd,7.5,Semi Automatic,Top Load,"Black, Red",11790,30,7
373,Samsung 7.5 Kg Semi Automatic Top Load Washing Machine,Samsung,7.5,Semi Automatic,Top Load,"Black, Grey",13578,14,14
374,"Voltas Beko by A Tata Product 6.5 kg with Fountain Wash, Baffle Filter and Eco Wash with 10 Wash Programs Fully Automatic Top Load Washing Machine",Voltas Beko by A Tata Product,6.5,Fully Automatic,Top Load,Grey,14190,51,172
375,Whirlpool 7.5 kg Magic Clean 5 Star Fully Automatic Top Load Washing Machine,Whirlpool,7.5,Fully Automatic,Top Load,Grey,16990,20,25705
376,ONIDA 6.5 kg 5 Star Semi Automatic Top Load Washing Machine,ONIDA,6.5,Semi Automatic,Top Load,"Blue, White",9990,1,10520
377,LG 7.5 kg Fully Automatic Top Load Washing Machine,LG,7.5,Fully Automatic,Top Load,Grey,30990,21,4
378,ONIDA 8 kg 5 star and In-built Basket Semi Automatic Top Load Washing Machine,ONIDA,8,Semi Automatic,Top Load,"Red, White",10677,22,10520
379,realme TechLife 9 kg In-built Heater with MegaWash+ Fully Automatic Front Load Washing Machine,realme TechLife,9,Fully Automatic,Front Load,with In-built Heater Grey,37000,30,2549
380,"IFB 8.5 kg 5 Star 4D Wash Technology & illumination Knob, Fully Automatic Front Load Washing Machine",IFB,8.5,Fully Automatic,Front Load,with In-built Heater White,42540,29,1017
381,IFB 9 kg with Steam 5 Star AI Powered Eco Inverter with Wi-Fi EnabledOxyjet� 9 Swirl Wash Fully Automatic Front Load Washing Machine,IFB,9,Fully Automatic,Front Load,with In-built Heater Brown,44490,38,1987
382,"IFB 10 kg with Steam 5 Star AI Powered Eco Inverter with Wi-Fi EnabledOxyjet 9 Swirl Wash, Fully Automatic Front Load Washing Machine",IFB,10,Fully Automatic,Front Load,with In-built Heater Brown,36490,,465
383,IFB 8 kg 5 Star 9 Swirl AI Powered with Wi-Fi Enabled�� with 2x Power Steam Fully Automatic Front Load Washing Machine,IFB,8,Fully Automatic,Front Load,with In-built Heater Brown,,,465
384,"LG 9 kg with Steam,inverter , Smart Diagnosis Fully Automatic Front Load Washing Machine",LG,9,Fully Automatic,Front Load,"with In-built Heater Grey, Silver",44490,5,192
385,Unknown,BOSCH,9,Unknown,Unknown,Unknown,48990,31,29
386,"Haier 9 kg Toughened Glass with Digital Kingfisher Print, Anti Bacterial Vortex Pulsator, 1300 RPM, Spray Function, Wash Programs, Magic Filter, Rat Mesh Semi Automatic Top Load Washing Machine",Haier,9,Semi Automatic,Top Load,"Black, Grey",14399,33,6970
387,"Haier 11 kg Toughened Glass with Digital Kingfisher Print, Anti Bacterial Vortex Pulsator, 1300 RPM, Spray Function, Wash Programs, Magic Filter, Rat Mesh Semi Automatic Top Load Washing Machine",Haier,11,Semi Automatic,Top Load,Black,14950,38,6970
388,Voltas Beko 11 kg Fully Automatic Top Load Washing Machine,Voltas Beko,11,Fully Automatic,Top Load,"with In-built Heater Black, Grey",20999,56,2679
389,IFB 7 kg Fully Automatic Top Load Washing Machine,IFB,7,Fully Automatic,Top Load,with In-built Heater Grey,23390,20,41
390,Unknown,Samsung,6,Unknown,Unknown,Unknown,58973,15,240
391,"BOSCH 6 kg Drive Motor, Anti Tangle, Anti Vibration Fully Automatic Front Load Washing Machine",BOSCH,6,Fully Automatic,Front Load,White,48490,26,9193
392,"LG 11 kg 5 Star, AI Direct Drive Technology, 6 Motion DD, Steam, Wi-Fi Enabled, Wrinkle Care Fully Automatic Front Load Washing Machine",LG,11,Fully Automatic,Front Load,Silver,28780,12,13331
393,IFB 8 kg Fully Automatic Top Load Washing Machine,IFB,8,Fully Automatic,Top Load,with In-built Heater Brown,14440,30,43
394,"Lloyd by Havells 8.5 kg Toughened Glass Soft Closing Glass Lids, 1300 RPM, Soak Function, 3 Wash Programs, Magic Filter Semi Automatic Top Load Washing Machine",Lloyd by Havells,8.5,Semi Automatic,Top Load,Blue,16248,29,1525
395,ONIDA 7.5 kg 5 Star Dual Action Pulsator Quadra Scrub Fully Automatic Top Load Washing Machine,ONIDA,7.5,Fully Automatic,Top Load,Black,35490,46,56326
396,"Electrolux 8 kg 5 Star EcoInverter, 40C Vapour Wash,UltimateCare 300 Fully Automatic Front Load Washing Machine",Electrolux,8,Fully Automatic,Front Load,White,76494,21,66
397,Unknown,BOSCH,6,Unknown,Unknown,Unknown,15989,27,71
398,ONIDA 7 kg 5 star and With Crystal Drum Technology Fully Automatic Top Load Washing Machine,ONIDA,7,Fully Automatic,Top Load,Grey,11950,20,252
399,"Whirlpool 8 kg 5 Star, Supersoak Technology Semi Automatic Top Load Washing Machine",Whirlpool,8,Semi Automatic,Top Load,Red,36430,20,5605
400,"IFB 11 kg 5 Star with DeepClean Technology, Power Steam, AI Powered, Aqua Energie, 5D Wash Fully Automatic Top Load Washing Machine",IFB,11,Fully Automatic,Top Load,with In-built Heater Grey,23499,26,5
401,BOSCH 8 kg Fully Automatic Top Load Washing Machine,BOSCH,8,Fully Automatic,Top Load,"Black, Maroon",11260,12,144
402,Whirlpool 7 kg Semi Automatic Top Load Washing Machine,Whirlpool,7,Semi Automatic,Top Load,"Maroon, White",34290,38,23777
403,"Samsung 8 kg with Steam ,Wi-Fi Enabled Fully Automatic Front Load Washing Machine",Samsung,8,Fully Automatic,Front Load,with In-built Heater Black,49990,14,45
404,"Samsung 9 kg 5 Star, Eco Bubble Technology, AI Control , Wi-Fi Enabled , Digital Inverter Motor, Hygiene Steam, Fully Automatic Front Load Washing Machine",Samsung,9,Fully Automatic,Front Load,with In-built Heater Black,23490,26,1373
405,BOSCH 8 kg Fully Automatic Top Load Washing Machine,BOSCH,8,Fully Automatic,Top Load,"Black, Red",25500,28,144
406,BOSCH 8 kg Fully Automatic Top Load Washing Machine,BOSCH,8,Fully Automatic,Top Load,"Black, Maroon",44957,29,15
407,"Samsung 8 kg with Steam ,Wi-Fi Enabled Fully Automatic Front Load Washing Machine",Samsung,8,Fully Automatic,Front Load,Black,,,45
408,Acer 8 kg Semi Automatic Top Load Washing Machine,Acer,8,Semi Automatic,Top Load,Grey,10840,36,4
409,Whirlpool 9.5 kg Semi Automatic Top Load Washing Machine,Whirlpool,9.5,Semi Automatic,Top Load,Black,14290,39,113
410,Unknown,IFB,5.5,Unknown,Unknown,Unknown,24480,15,7
411,Midea 6 kg Fully Automatic Front Load Washing Machine,Midea,6,Fully Automatic,Front Load,with In-built Heater White,17990,25,16308
412,"Thomson 10 kg PureWash with Stainless Steel Drum, Magic Filter and Multiple Wash Programs Fully Automatic Top Load Washing Machine",Thomson,10,Fully Automatic,Top Load,Grey,14999,26,6756
413,Godrej 7 kg 5 Star with i-Wash technology Washing Machine,Godrej,7,Fully Automatic,Top Load,"Fully Automatic Top Load Black, Grey",14990,24,4180
414,"Acer 7.5 kg Halo Wash Series with AiSense, 5 Star Rating, AutoBalance, HelixFlow Pulsator, Pro-Foam Tub Fully Automatic Top Load Washing Machine",Acer,7.5,Fully Automatic,Top Load,"Black, Grey",16500,54,1193
415,"Haier 10 kg Toughened Glass, Anti Bacterial Vortex Pulsator, 1300 RPM, Spray Function, Wash Programs, Magic Filter, Rat Mesh Semi Automatic Top Load Washing Machine",Haier,10,Semi Automatic,Top Load,"with In-built Heater Black, Grey",14999,36,6970
416,Voltas Beko by A Tata Product 12 kg A Tata Product Anti-allergen Hygiene Boost Washing Machine,Voltas Beko by A Tata Product,12,Semi Automatic,Top Load,"with Fast Dry and Water Proof IPX4 Panel Semi Automatic Top Load Maroon, White",13640,35,23446
417,BOSCH 9 kg Fully Automatic Front Load Washing Machine,BOSCH,9,Fully Automatic,Front Load,with In-built Heater Silver,36990,29,13805
418,ONIDA 6.5 kg 5 Star Bubble Drum Wash Waterfall Technology Fully Automatic Top Load Washing Machine,ONIDA,6.5,Fully Automatic,Top Load,Black,13199,38,56326
419,Samsung 8 kg with Wi-Fi Enabled Fully Automatic Top Load Washing Machine,Samsung,8,Fully Automatic,Top Load,with In-built Heater Brown,30405,7,7
420,Samsung 9 kg with Wi-Fi Enabled Fully Automatic Top Load Washing Machine,Samsung,9,Fully Automatic,Top Load,with In-built Heater Brown,31900,10,97
421,IFB 12 kg Fully Automatic Top Load Washing Machine,IFB,12,Fully Automatic,Top Load,with In-built Heater Blue,35590,23,13
422,Godrej 8.5 kg Semi Automatic Top Load Washing Machine,Godrej,8.5,Semi Automatic,Top Load,Grey,15499,34,57
423,Godrej 7.5 kg Inbuilt Heater with Unbalanced Load Sensing Fully Automatic Top Load Washing Machine,Godrej,7.5,Fully Automatic,Top Load,with In-built Heater Grey,16990,48,4180
424,Lloyd by Havells 7.5 kg Semi Automatic Top Load Washing Machine,Lloyd by Havells,7.5,Semi Automatic,Top Load,Grey,19500,8,11
425,LG 11 kg Fully Automatic Top Load Washing Machine,LG,11,Fully Automatic,Top Load,with In-built Heater Black,17874,8,107
426,Godrej 7.5 kg 5 Star with Roller coaster wash technology Washing Machine,Godrej,7.5,Fully Automatic,Top Load,Fully Automatic Top Load Grey,14500,25,1275
427,Godrej 7 kg 5 Star with Rollercoaster wash Washing Machine,Godrej,7,Fully Automatic,Top Load,Fully Automatic Top Load Grey,16990,37,1275
428,Voltas Beko by A Tata Product 6 kg Fully Automatic Top Load Washing Machine,Voltas Beko by A Tata Product,6,Fully Automatic,Top Load,Grey,18690,47,21
429,ONIDA 8 kg 5 Star With Sensomatic Wash Technology Fully Automatic Top Load Washing Machine,ONIDA,8,Fully Automatic,Top Load,Grey,65999,32,56326
430,Godrej 7.5 kg 5 Star With Flexi Wash Technology And Soft-Close Lid Washing Machine,Godrej,7.5,Fully Automatic,Top Load,Fully Automatic Top Load Black,,,16
431,Unknown,BOSCH,6,Unknown,Unknown,Unknown,,,5
432,Godrej 8 kg Semi Automatic Top Load Washing Machine,Godrej,8,Semi Automatic,Top Load,Grey,13446,37,681
433,"Godrej 8.5 kg 5 Star With Soft Shut Wash Lid, Tri-Roto Scrub Pulsator Semi Automatic Top Load Washing Machine",Godrej,8.5,Semi Automatic,Top Load,"Grey, Black",14499,30,20
434,BOSCH 8 Kg with Steam Fully Automatic Front Load Washing Machine,BOSCH,8,Fully Automatic,Front Load,with In-built Heater Grey,35990,39,13805
435,Lloyd by Havells 8 kg Washing Machine,Lloyd by Havells,8,Fully Automatic,Top Load,Fully Automatic Top Load Black,18900,43,138
436,Whirlpool 7 kg Fully Automatic Top Load Washing Machine,Whirlpool,7,Fully Automatic,Top Load,Grey,16990,24,185
437,"Lloyd by Havells 7.5 kg |1300 RPM|Soak Function|3 Wash Programs|Swift Dry|Magic Filter, Semi Automatic Top Load Washing Machine",Lloyd by Havells,7.5,Semi Automatic,Top Load,"Maroon, White",10690,39,3033
438,ONIDA 9.5 kg 5 Star With Power Dry Technology Semi Automatic Top Load Washing Machine,ONIDA,9.5,Semi Automatic,Top Load,Black,11790,37,60
439,"IFB 6.5 kg Powered by AI, 5 Star, with 2x Steam Cycle Fully Automatic Front Load Washing Machine",IFB,6.5,Fully Automatic,Front Load,with In-built Heater Silver,14781,12,73418
440,Samsung 6.5 kg Diamond Drum feature Fully Automatic Top Load Washing Machine,Samsung,6.5,Fully Automatic,Top Load,Silver,9290,45,61845
441,MarQ by Flipkart 8.5 kg 5 Star Rating Innowash Range Semi Automatic Top Load Washing Machine,MarQ by Flipkart,8.5,Semi Automatic,Top Load,"Blue, White",17090,39,63703
442,Godrej 7.5 Kg 5 Star Germ Shield Technology & Roller Coaster Wash Technology Fully Automatic Top Load Washing Machine,Godrej,7.5,Fully Automatic,Top Load,"with In-built Heater Black, Maroon",9790,48,4180
443,Voltas Beko 8 kg Semi Automatic Top Load Washing Machine,Voltas Beko,8,Semi Automatic,Top Load,"Blue, White",36990,9,23446
444,LG 7 kg with Inverter Fully Automatic Front Load Washing Machine,LG,7,Fully Automatic,Front Load,with In-built Heater Silver,17490,12,45
445,"Whirlpool 7.5 kg 5 Star, Hard Water wash Fully Automatic Top Load Washing Machine",Whirlpool,7.5,Fully Automatic,Top Load,Grey,14790,25,9906
446,LG 8.5 kg Semi Automatic Top Load Washing Machine,LG,8.5,Semi Automatic,Top Load,Red,25260,29,10
447,"Voltas Beko by A Tata Product 6.5 kg Steam Wash, Invertor Motor and Hygiene+ Fully Automatic Front Load Washing Machine",Voltas Beko by A Tata Product,6.5,Fully Automatic,Front Load,with In-built Heater Grey,11999,31,142
448,Haier 7.5 kg Fully Automatic Top Load Washing Machine,Haier,7.5,Fully Automatic,Top Load,with In-built Heater Silver,14218,18,3
449,Voltas Beko by A Tata Product 8 kg Semi Automatic Top Load Washing Machine,Voltas Beko by A Tata Product,8,Semi Automatic,Top Load,"White, Maroon",21478,10,45
450,Samsung 8 kg 5 Star Hexa Storm Pulsator Semi Automatic Top Load Washing Machine,Samsung,8,Semi Automatic,Top Load,"White, Grey",10590,60,498
451,MarQ by Flipkart 8.5 kg with Turbo Wash Fully Automatic Top Load Washing Machine,MarQ by Flipkart,8.5,Fully Automatic,Top Load,Grey,37929,26,2361
452,"TCL 10 kg 5 Star with Extra Powerful Motor, Magic Filter and Fast Dry Semi Automatic Top Load Washing Machine",TCL,10,Semi Automatic,Top Load,Red,28990,42,401
453,Samsung 9 kg with Wi-Fi Enabled5 Star Fully Automatic Front Load Washing Machine,Samsung,9,Fully Automatic,Front Load,Grey,17490,51,29
454,"Godrej 8 kg With AI Tech, Steam Wash Fully Automatic Front Load Washing Machine",Godrej,8,Fully Automatic,Front Load,with In-built Heater White,,,1421
455,Equator 10.2 kg Ozone Sanitize and Saree Cycle Fully Automatic Top Load Washing Machine,Equator,10.2,Fully Automatic,Top Load,Beige,,,11
456,"Samsung 12 kg 5 Star, AI Wash, AI Energy Mode, Wi-Fi, Ecobubble, AI VRT+, Super Speed, Soft Closing Door, Digital Inverter Fully Automatic Top Load Washing Machine",Samsung,12,Fully Automatic,Top Load,"Grey, Black",35990,15,108865
457,"Whirlpool 7.5 kg 5 Star, Supersoak Technology Semi Automatic Top Load Washing Machine",Whirlpool,7.5,Semi Automatic,Top Load,Red,13490,4,5605
458,"realme TechLife 8.5 kg 5 Star, Touch Screen Panel with Anti-Bacterial (Silver+ Wash) Fully Automatic Top Load Washing Machine",realme TechLife,8.5,Fully Automatic,Top Load,Grey,14290,47,29444
459,Godrej 8 kg Semi Automatic Top Load Washing Machine,Godrej,8,Semi Automatic,Top Load,"White, Black",12940,23,75
460,Thomson 8 kg Fully Automatic Top Load Washing Machine,Thomson,8,Fully Automatic,Top Load,Grey,15990,17,757
461,CANDY 8 kg Semi Automatic Top Load Washing Machine,CANDY,8,Semi Automatic,Top Load,"Maroon, White",10990,18,831
462,IFB 8 kg Steam Wash Fully Automatic Front Load Washing Machine,IFB,8,Fully Automatic,Front Load,with In-built Heater Silver,30950,26,264
463,Lloyd 9 kg Semi Automatic Top Load Washing Machine,Lloyd,9,Semi Automatic,Top Load,"with In-built Heater Orange, Grey",15995,35,36
464,MOTOROLA 10.5 kg Smart Wi-Fi Enabled Enabled Steam Wash Inverter Technology Fully Automatic Front Load Washing Machine,MOTOROLA,10.5,Fully Automatic,Front Load,with In-built Heater Grey,30190,53,2454
465,Unknown,Motorola,10.5,Fully Automatic,Front Load,Unknown,28990,50,13036
466,Voltas Beko by A Tata Product 14 kg Semi Automatic Top Load Washing Machine,Voltas Beko by A Tata Product,14,Semi Automatic,Top Load,"Maroon, White",16934,31,483
467,Unknown,BOSCH,6,Unknown,Unknown,Unknown,73127,9,71
468,LG 6.5 kg Fully Automatic Top Load Washing Machine,LG,6.5,Fully Automatic,Top Load,Beige,24481,2,14
469,"LG 9 kg with Wi-Fi Enabled, Jet Sprey, Auto Pre Wash, Smart Diagnosis, Smart Closing Door and 10 Water Levels Fully Automatic Top Load Washing Machine",LG,9,Fully Automatic,Top Load,Black,33990,20,39
470,"Haier 8.5 kg Oxyi Dry Technology, 1300 RPM, Spray Function, Wash Programs, Magic Filter, Rat Mesh Semi Automatic Top Load Washing Machine",Haier,8.5,Semi Automatic,Top Load,Multicolor,14200,32,6970
471,"LG 8 kg 5 Star, Inverter Direct Drive Technology, 6 Motion, Steam Fully Automatic Front Load Washing Machine",LG,8,Fully Automatic,Front Load,with In-built Heater White,35843,16,23129
472,Thomson 9 kg Semi Automatic Top Load Washing Machine,Thomson,9,Semi Automatic,Top Load,"Black, White",10990,18,2291
473,Samsung 6.5 kg 5 Star Inverter Wobble technology Fully Automatic Top Load Washing Machine,Samsung,6.5,Fully Automatic,Top Load,Grey,15990,25,24726
474,Lloyd by Havells 9 kg Semi Automatic Top Load Washing Machine,Lloyd by Havells,9,Semi Automatic,Top Load,"Grey, Orange",14249,28,3033
475,"Haier 8 kg Anti Bacterial Vortex Pulsator, 1300 RPM, Softfall Technology, Spray Function, Wash Programs, Magic Filter, Rat Mesh Semi Automatic Top Load Washing Machine",Haier,8,Semi Automatic,Top Load,Multicolor,13900,26,6970
476,"IFB 6.5 kg Steam Wash, Hard Water Wash, Active Color Protection Fully Automatic Front Load Washing Machine",IFB,6.5,Fully Automatic,Front Load,Silver,27490,26,110
477,"IFB 10 kg Power Dual Steam, Fully Automatic Top Load Washing Machine",IFB,10,Fully Automatic,Top Load,with In-built Heater Silver,29800,23,26954
478,BOSCH 8 kg 1400RPM Fully Automatic Front Load Washing Machine,BOSCH,8,Fully Automatic,Front Load,Silver,44455,12,201
479,"Voltas Beko by A Tata Product 9 kg with Double waterfall, Multiple Wash Program, Waterproof IPX4 panel and Monsoon Dry option Fully Automatic Top Load Washing Machine",Voltas Beko by A Tata Product,9,Fully Automatic,Top Load,"Black, Grey",39998,,144
480,Godrej 7 kg Fully Automatic Top Load Washing Machine,Godrej,7,Fully Automatic,Top Load,with In-built Heater Grey,21451,22,194
481,"IFB 8 kg 5 Star with Steam Refresh program, 9 Swirl Wash, Eco Inverter, Touch Panel with AI Fully Automatic Front Load Washing Machine",IFB,8,Fully Automatic,Front Load,with In-built Heater Grey,36990,21,90
482,Haier 7 kg Semi Automatic Top Load Washing Machine,Haier,7,Semi Automatic,Top Load,Black,11630,31,6
483,Siemens 8 kg Fully Automatic Front Load Washing Machine,Siemens,8,Fully Automatic,Front Load,with In-built Heater Silver,39190,35,10
484,"Godrej 9 kg 5 Star, AI Tech, Steam Wash Fully Automatic Front Load Washing Machine",Godrej,9,Fully Automatic,Front Load,with In-built Heater Grey,32905,43,1421
485,Haier 8.5 kg Semi Automatic Top Load Washing Machine,Haier,8.5,Semi Automatic,Top Load,"Black, White",14200,21,7
486,Godrej 8 kg Inbuilt Heater with Unbalanced Load Sensing Fully Automatic Top Load Washing Machine,Godrej,8,Fully Automatic,Top Load,with In-built Heater Grey,18790,44,53
487,Voltas Beko by A Tata Product 12 kg Semi Automatic Top Load Washing Machine,Voltas Beko by A Tata Product,12,Semi Automatic,Top Load,"White, Grey",13199,50,43
488,Lloyd by Havells 6.5 kg Fully Automatic Top Load Washing Machine,Lloyd by Havells,6.5,Fully Automatic,Top Load,Grey,17900,14,3
489,Haier 7 kg Semi Automatic Top Load Washing Machine,Haier,7,Semi Automatic,Top Load,"White, Black",12319,27,94
490,Unknown,BOSCH,8,Unknown,Unknown,Unknown,40511,30,46
491,"IFB 6.5 kg 5 Star 3D Wash Technology, Gentle Wash, In-built heater Fully Automatic Front Load Washing Machine",IFB,6.5,Fully Automatic,Front Load,with In-built Heater White,29750,13,7855
492,"ONIDA 8 kg 5 Star Rating, Auto Scrubber Semi Automatic Top Load Washing Machine",ONIDA,8,Semi Automatic,Top Load,Red,10401,23,10520
493,Panasonic 8 kg Fully Automatic Top Load Washing Machine,Panasonic,8,Fully Automatic,Top Load,"White, Grey",25490,20,5
494,LG 8 kg Semi Automatic Top Load Washing Machine,LG,8,Semi Automatic,Top Load,"Grey, White",13660,24,103
495,LG 8 kg Semi Automatic Top Load Washing Machine,LG,8,Semi Automatic,Top Load,"White, Grey",13795,23,103
496,Thomson 7 kg Semi Automatic Top Load Washing Machine,Thomson,7,Semi Automatic,Top Load,"White, Blue, Grey",8490,19,4560
497,BOSCH 6.5 kg Fully Automatic Top Load Washing Machine,BOSCH,6.5,Fully Automatic,Top Load,Grey,14690,35,1965
498,Godrej 7 kg Fully Automatic Top Load Washing Machine,Godrej,7,Fully Automatic,Top Load,Grey,22990,8,5929
499,Unknown,Midea,5,Unknown,Unknown,Unknown,34645,13,3
500,BOSCH 7 kg 5 Star With� Vario Drum & Anti Tangle Program Fully Automatic Top Load Washing Machine,BOSCH,7,Fully Automatic,Top Load,White,59900,29,1315
501,Samsung 7 kg Fully Automatic Front Load Washing Machine,Samsung,7,Fully Automatic,Front Load,Grey,43980,28,25
502,"Haier 10.5 kg AI, Wi-Fi, Direct Drive Technology, Condensor and Sensor Dry with Dual Cycle Technology, Puristeam and Refresh Function, Anti Bacterial Technology, Super Drum 525mm with Custom Wash Programs Fully Automatic Front Load Washing Machine",Haier,10.5,Fully Automatic,Front Load,with In-built Heater Grey,,,3030
503,BOSCH 10 kg Fully Automatic Front Load Washing Machine,BOSCH,10,Fully Automatic,Front Load,"Black, Grey",,,13805
504,BOSCH 9 kg 5 Star with 1360 High RPM Spin Motor Semi Automatic Top Load Washing Machine,BOSCH,9,Semi Automatic,Top Load,Multicolor,13990,31,416
505,Samsung 7 kg Fully Automatic Top Load Washing Machine,Samsung,7,Fully Automatic,Top Load,Grey,18000,28,192
506,LG 8 kg 5 Star Rating Semi Automatic Top Load Washing Machine,LG,8,Semi Automatic,Top Load,Red,13615,24,1345
507,LG 7.5 kg Fully Automatic Top Load Washing Machine,LG,7.5,Fully Automatic,Top Load,Silver,21743,9,839
508,"LG 8 kg 5 Star with Roller Jet Pulsator with Soak, Wind Jet Dry and Rat Away, 6 Kg (Spin Tub Capacity) Semi Automatic Top Load Washing Machine",LG,8,Semi Automatic,Top Load,"Maroon, White",13679,25,2934
509,Admiral 8 kg Fully Automatic Top Load Washing Machine,Admiral,8,Fully Automatic,Top Load,"with In-built Heater Black, Grey",50720,28,2
510,Unknown,IFB,6.5,Unknown,Unknown,Unknown,21960,1,331
511,Whirlpool 6.5 kg Fully Automatic Top Load Washing Machine,Whirlpool,6.5,Fully Automatic,Top Load,Red,29566,29,48
512,BOSCH 9 kg 5 Star With Vario Drum & Anti Tangle Program Fully Automatic Top Load Washing Machine,BOSCH,9,Fully Automatic,Top Load,Silver,13398,53,1315
513,"Acer 6.5 kg Halo Wash Series with Glass Lid, 5 Star Rating, AiSense, AutoBalance, Hex-Fin Jet Pulsator, SwirlWash Tub Fully Automatic Top Load Washing Machine",Acer,6.5,Fully Automatic,Top Load,"Black, Grey",13890,23,10
514,Whirlpool 9.5 kg Semi Automatic Top Load Washing Machine,Whirlpool,9.5,Semi Automatic,Top Load,Grey,13369,21,6
515,Whirlpool 8.5 kg Semi Automatic Top Load Washing Machine,Whirlpool,8.5,Semi Automatic,Top Load,Grey,17599,16,3226
516,Whirlpool 10.5 kg Semi Automatic Top Load Washing Machine,Whirlpool,10.5,Semi Automatic,Top Load,Grey,12591,33,35
517,Whirlpool 8 kg Semi Automatic Top Load Washing Machine,Whirlpool,8,Semi Automatic,Top Load,"Red, White",16699,24,3
518,"Whirlpool 10.5 kg 5 Star, Hard Water wash Semi Automatic Top Load Washing Machine",Whirlpool,10.5,Semi Automatic,Top Load,Grey,11599,34,5758
519,Whirlpool 8 kg Semi Automatic Top Load Washing Machine,Whirlpool,8,Semi Automatic,Top Load,Red,7190,60,52
520,InnoQ 7 kg | Turbo Wash | Buzzer | Wheels | Turbo Jet Dryer | Magic Filter | Lint Filter Semi Automatic Top Load Washing Machine,InnoQ,7,Semi Automatic,Top Load,Black,18499,17,3251
521,Samsung 7 kg Fully Automatic Top Load Washing Machine,Samsung,7,Fully Automatic,Top Load,"Black, Grey",14599,47,10
522,Voltas Beko 12 kg Semi Automatic Top Load Washing Machine,Voltas Beko,12,Semi Automatic,Top Load,"Black, Grey",24999,34,52
523,"Godrej 6 kg 5 Star, Digi-Inverter With Steam Wash & 1000 RPM Spin Speed Fully Automatic Front Load Washing Machine",Godrej,6,Fully Automatic,Front Load,"Black, White",23390,14,123
524,BOSCH 7 kg Fully Automatic Top Load Washing Machine,BOSCH,7,Fully Automatic,Top Load,Silver,17279,24,8
525,Lloyd 12 kg Semi Automatic Top Load Washing Machine,Lloyd,12,Semi Automatic,Top Load,Black,17258,24,23
526,Lloyd 12 kg Semi Automatic Top Load Washing Machine,Lloyd,12,Semi Automatic,Top Load,"Grey, Black",13978,47,23
527,Godrej 7 kg Fully Automatic Top Load Washing Machine,Godrej,7,Fully Automatic,Top Load,Grey,,,14
528,"IFB 7 kg with Steam Wash, Aqua Energie, Anti-Allergen Fully Automatic Front Load Washing Machine",IFB,7,Fully Automatic,Front Load,with In-built Heater White,31590,13,11
529,Whirlpool 7.5 kg Fully Automatic Top Load Washing Machine,Whirlpool,7.5,Fully Automatic,Top Load,with In-built Heater Grey,18420,30,25705
530,LG 6 kg With Collar Scrubber Semi Automatic Top Load Washing Machine,LG,6,Semi Automatic,Top Load,"Black, White",15999,36,2546
531,Godrej 10 kg Semi Automatic Top Load Washing Machine,Godrej,10,Semi Automatic,Top Load,Grey,21978,24,30
532,BOSCH 7.5 kg Fully Automatic Top Load Washing Machine,BOSCH,7.5,Fully Automatic,Top Load,White,31590,10,12
533,"IFB 7 kg with Steam Wash, Aqua Energie, Anti-Allergen Fully Automatic Front Load Washing Machine",IFB,7,Fully Automatic,Front Load,with In-built Heater White,17090,17,1216
534,Whirlpool 6.5 kg Magic Clean 5 Star Fully Automatic Top Load Washing Machine,Whirlpool,6.5,Fully Automatic,Top Load,Grey,18971,9,54
535,Samsung 9 kg Semi Automatic Top Load Washing Machine,Samsung,9,Semi Automatic,Top Load,"Black, Grey",5490,26,30
536,Unknown,Voltas Beko by A Tata Product,7.5,Unknown,Unknown,Unknown,32700,25,2746
537,"IFB 8 kg Powered by AI, 5 Star,� with 2x Steam Cycle Fully Automatic Front Load Washing Machine",IFB,8,Fully Automatic,Front Load,with In-built Heater Silver,36860,36,1987
538,BOSCH 8 kg Fully Automatic Front Load Washing Machine,BOSCH,8,Fully Automatic,Front Load,with In-built Heater Blue,16999,3,3
539,"Lloyd by Havells 8 kg 1300 RPM, Soak Function, 3 Wash Programs, Swift Dry, Magic Filter Semi Automatic Top Load Washing Machine",Lloyd by Havells,8,Semi Automatic,Top Load,"Grey, White",5490,38,3033
540,Unknown,Reliance,7.5,Unknown,Unknown,Unknown,58990,46,486
541,Unknown,Electrolux,6,Unknown,Unknown,Unknown,44800,26,5
542,LG 10 kg with Wi-Fi EnabledAI Direct Drive Technology Fully Automatic Front Load Washing Machine,LG,10,Fully Automatic,Front Load,with In-built Heater Silver,49312,16,22
543,"Samsung 8 kg with Steam ,Wi-Fi Enabled Fully Automatic Front Load Washing Machine",Samsung,8,Fully Automatic,Front Load,with In-built Heater Black,44990,26,34
544,"Samsung 9 kg 5 Star, Eco Bubble Technology with Super Speed, AI Control , Wi-Fi Enabled , Digital Inverter Motor,Hygiene Steam, Fully Automatic Front Load Washing Machine",Samsung,9,Fully Automatic,Front Load,with In-built Heater Black,34980,30,750
545,IFB 9 kg Fully Automatic Front Load Washing Machine,IFB,9,Fully Automatic,Front Load,with In-built Heater Brown,15590,30,5
546,ONIDA 11 kg 5 star Semi Automatic Top Load Washing Machine,ONIDA,11,Semi Automatic,Top Load,"Blue, White",12999,29,1539
547,BOSCH 8 kg 5 Star with 1360 High RPM Spin Motor Semi Automatic Top Load Washing Machine,BOSCH,8,Semi Automatic,Top Load,Multicolor,29999,31,416
548,Godrej 7 kg Fully Automatic Front Load Washing Machine,Godrej,7,Fully Automatic,Front Load,with In-built Heater Silver,19375,23,15
549,"LG 11.5 kg 5 Star, Roller Jet Pulsator with Soak, Wind Jet Dry Technology and Rust Free Plastic, Rat Away Semi Automatic Top Load Washing Machine",LG,11.5,Semi Automatic,Top Load,Maroon,19120,26,254
550,LG 11.5 kg Semi Automatic Top Load Washing Machine,LG,11.5,Semi Automatic,Top Load,Red,19790,18,254
551,IFB 7 kg Fully Automatic Top Load Washing Machine,IFB,7,Fully Automatic,Top Load,"with In-built Heater Black, Grey",,,361
552,Panasonic 11 kg Fully Automatic Top Load Washing Machine,Panasonic,11,Fully Automatic,Top Load,with In-built Heater Grey,31490,28,8
553,Haier 7 kg Fully Automatic Top Load Washing Machine,Haier,7,Fully Automatic,Top Load,Grey,17618,18,4
554,Godrej 7 kg 5 Star With Flexi Wash Technology And Soft-Close Lid Washing Machine,Godrej,7,Fully Automatic,Top Load,Fully Automatic Top Load Silver,14879,52,8
555,"Lloyd by Havells 9 kg Toughened Glass Soft Closing Glass Lids, 1300 RPM, Soak Function, 5 Wash Programs, Memory Back-up, Magic Filter Semi Automatic Top Load Washing Machine",Lloyd by Havells,9,Semi Automatic,Top Load,"Grey, White",14090,31,1525
556,realme TechLife 10 kg Fully Automatic Front Load Washing Machine,realme TechLife,10,Fully Automatic,Front Load,with In-built Heater Grey,25990,55,2549
557,White Westinghouse (Trademark by Electrolux) 10.5 kg Semi Automatic Top Load Washing Machine,Unknown,10.5,Semi Automatic,Top Load,"Black, White",10990,26,702
558,White Westinghouse (Trademark by Electrolux) 12 kg Semi Automatic Top Load Washing Machine,Unknown,12,Semi Automatic,Top Load,"Black, White",12490,26,702
559,Unknown,LG,7,Fully Automatic,Unknown,Unknown,59999,32,2438
560,InnoQ 7 kg | Turbo Wash | Buzzer | Wheels | Turbo Jet Dryer | Magic Filter | Lint Filter Semi Automatic Top Load Washing Machine,InnoQ,7,Semi Automatic,Top Load,Grey,7195,60,3251
561,Panasonic 10.5 kg Fully Automatic Top Load Washing Machine,Panasonic,10.5,Fully Automatic,Top Load,Silver,26249,27,4
562,Lloyd by Havells 8.5 kg �|1300 RPM|Soak Function|4 Wash Programs|Memory Back-up| Magic Filter| Wash Basin Design Lids Semi Automatic Top Load Washing Machine,Lloyd by Havells,8.5,Semi Automatic,Top Load,"Red, White",10990,32,3033
563,Panasonic 12 kg Semi Automatic Top Load Washing Machine,Panasonic,12,Semi Automatic,Top Load,Multicolor,19676,27,23
564,Voltas Beko by A Tata Product 8.5 kg Semi Automatic Top Load Washing Machine,Voltas Beko by A Tata Product,8.5,Semi Automatic,Top Load,Blue,11999,36,601
565,Midea 7 kg Semi Automatic Top Load Washing Machine,Midea,7,Semi Automatic,Top Load,"Blue, White",7890,28,276
566,Whirlpool 8.5 kg Semi Automatic Top Load Washing Machine,Whirlpool,8.5,Semi Automatic,Top Load,Grey,17549,20,98
567,Samsung 8 kg with Wi-Fi Enabled Fully Automatic Top Load Washing Machine,Samsung,8,Fully Automatic,Top Load,Grey,25987,7,212
568,Samsung 6.5 kg with Steam Fully Automatic Front Load Washing Machine,Samsung,6.5,Fully Automatic,Front Load,Silver,35000,8,31
569,Samsung 6.5 kg with Steam Fully Automatic Front Load Washing Machine,Samsung,6.5,Fully Automatic,Front Load,with In-built Heater Silver,33406,16,18
570,Whirlpool 9 kg Semi Automatic Top Load Washing Machine,Whirlpool,9,Semi Automatic,Top Load,Grey,13330,45,299
571,Lloyd 8.5 kg Fully Automatic Top Load Washing Machine,Lloyd,8.5,Fully Automatic,Top Load,"with In-built Heater Brown, Black",27300,9,29
572,Intex 7.5 kg Fully Automatic Top Load Washing Machine,Intex,7.5,Fully Automatic,Top Load,Grey,11990,53,1834
573,"Whirlpool 9 kg 5 Star, Hard Water wash Semi Automatic Top Load Washing Machine",Whirlpool,9,Semi Automatic,Top Load,Grey,13550,21,3226
574,"Whirlpool 9.5 kg 5 Star,With Hard water wash Fully Automatic Top Load Washing Machine",Whirlpool,9.5,Fully Automatic,Top Load,with In-built Heater Grey,21689,36,2192
575,"LG 7 kg 5 Star, Allergen free with Steam, Inverter Direct Drive - Less vibration, less noise, 6 Motion Direct Drive, 1200 RPM, Essence Fully Automatic Front Load Washing Machine",LG,7,Fully Automatic,Front Load,with In-built Heater White,27990,35,319
576,Samsung 10 kg with Wi-Fi Enabled Fully Automatic Top Load Washing Machine,Samsung,10,Fully Automatic,Top Load,with In-built Heater Black,29190,23,38
577,Unknown,ONIDA,7,Unknown,Unknown,Unknown,19977,31,31249
578,BLACK+DECKER 6 kg Fully Automatic Front Load Washing Machine,Unknown,6,Fully Automatic,Front Load,"with In-built Heater Black, White",24474,41,45
579,BLACK+DECKER 8 kg Fully Automatic Front Load Washing Machine,Unknown,8,Fully Automatic,Front Load,"with In-built Heater Black, White",11008,24,11
580,Whirlpool 7.5 kg Semi Automatic Top Load Washing Machine,Whirlpool,7.5,Semi Automatic,Top Load,Grey,37490,50,123
581,"Electrolux 9 kg 5 Star EcoInverter, 40C Vapour Wash,UltimateCare 300 Fully Automatic Front Load Washing Machine",Electrolux,9,Fully Automatic,Front Load,White,48990,24,66
582,Admiral 6.5 kg Semi Automatic Top Load Washing Machine,Admiral,6.5,Semi Automatic,Top Load,"Maroon, White",28690,11,192
583,LG 11 kg withWi-Fi Enabled Fully Automatic Front Load Washing Machine,LG,11,Fully Automatic,Front Load,with In-built Heater Black,11900,25,15
584,"IFB 6 kg 5 Star Gentle Wash, Aqua Energie, Laundry Add, In-built heater Fully Automatic Front Load Washing Machine",IFB,6,Fully Automatic,Front Load,with In-built Heater White,39990,29,264
585,White Westinghouse (Trademark by Electrolux) 6.5 kg Fully Automatic Top Load Washing Machine,Unknown,6.5,Fully Automatic,Top Load,Grey,17490,50,75
586,LG 9 kg with Wi-Fi EnabledAI Direct Drive Technology Fully Automatic Front Load Washing Machine,LG,9,Fully Automatic,Front Load,with In-built Heater Black,19190,26,94
587,"Haier 8 kg Powerful Storm Pulsator, Custom Wash Cycles with Quick Wash, Near Zero Pressure Technology, Dual Magic Filter Fully Automatic Top Load Washing Machine",Haier,8,Fully Automatic,Top Load,"Black, Grey",37490,27,74082
588,LG 11.5 kg Semi Automatic Top Load Washing Machine,LG,11.5,Semi Automatic,Top Load,Black,17499,32,27
589,LG 7 kg with Wi-Fi Enabled Fully Automatic Front Load Washing Machine,LG,7,Fully Automatic,Front Load,with In-built Heater Silver,39990,31,67
590,LG 11.5 kg Semi Automatic Top Load Washing Machine,LG,11.5,Semi Automatic,Top Load,Black,38990,25,27
591,LG 8 kg with Wi-Fi Enabled Fully Automatic Front Load Washing Machine,LG,8,Fully Automatic,Front Load,Black,17490,36,83
592,LG 7 kg with Wi-Fi Enabled Fully Automatic Front Load Washing Machine,LG,7,Fully Automatic,Front Load,with In-built Heater Silver,35890,21,67
593,"Haier 8 kg Toughened Glass with Anti Bacterial Vortex Pulsator, 1300 RPM, Spray Function, Wash Programs, Magic Filter, Rat Mesh Fully Automatic Top Load Washing Machine",Haier,8,Fully Automatic,Top Load,"Black, Grey",11990,31,107
594,LG 7 kg with Wi-Fi EnabledAI Direct Drive Technology Fully Automatic Front Load Washing Machine,LG,7,Fully Automatic,Front Load,Silver,12929,25,67
595,Voltas Beko 8 kg Semi Automatic Top Load Washing Machine,Voltas Beko,8,Semi Automatic,Top Load,Grey,57290,43,23
596,Voltas Beko by A Tata Product 8 kg Semi Automatic Top Load Washing Machine,Voltas Beko by A Tata Product,8,Semi Automatic,Top Load,"Grey, White",13740,21,23
597,Unknown,LG,7,Unknown,Unknown,Unknown,14290,25,219
598,"LG 8 kg 5 Star with Roller Jet Pulsator with Soak, Wind Jet Dry and Rat Away, 6 Kg (Spin Tub Capacity) Semi Automatic Top Load Washing Machine",LG,8,Semi Automatic,Top Load,Grey,,,100
599,"LG 8.5 kg White Roller Jet Pulsator, Soak and Dual Magic Filter and Magic Wheels Semi Automatic Top Load Washing Machine",LG,8.5,Semi Automatic,Top Load,"Grey, White",,,6060
